datum,povp. dnevna T [°C],max. T [°C],min. T [°C],min. T na 5cm [°C],povp. veter [m/s],oblačnost [%],povp. rel. vla. [%],povp. tlak [hPa],količina padavin [mm],višina snežne odeje [cm],višina novega snega [cm],trajanje sonca [h],močan veter,viharni veter,dež,rosenje,ploha dežja,nevihta,grmenje,bliskanje,dež, ki zmrzuje,rosenje, ki zmrzuje,iglice,sneg,zrnat sneg,ploha snega,dež s snegom,babje pšeno,ploha dežja s snegom,toča,sodra,megla,megla z vidnim nebom,ledena megla,meglica,suha motnost,talna megla,rosa,slana,poledica,poledica na tleh,ivje,trdo ivje,padavine,snežna odeja
01/01/2019,2.2,8,0,-0.8,0.3,73,80,989,0,0,0,4.9,ne,ne,ne,ne,ne,ne,ne,ne,ne,ne,ne,ne,ne,ne,ne,ne,ne,ne,ne,ne,ne,ne,ne,ne,ne,da,ne,ne,ne,ne,ne,ne,ne
02/01/2019,2.1,8.5,-3.5,-7.4,2.3,40,60,984,0,0,0,6.1,da,ne,ne,ne,ne,ne,ne,ne,ne,ne,ne,ne,ne,ne,ne,ne,ne,ne,ne,ne,ne,ne,ne,ne,ne,da,da,ne,ne,ne,ne,ne,ne
03/01/2019,1.6,4.6,-1.5,-6.6,2.8,37,36,989,0,0,0,6.5,da,ne,ne,ne,ne,ne,ne,ne,ne,ne,ne,ne,ne,ne,ne,ne,ne,ne,ne,ne,ne,ne,ne,ne,ne,ne,ne,ne,ne,ne,ne,ne,ne
04/01/2019,-0.8,3.2,-3.9,-7.6,1.2,70,61,992,0,0,0,5.8,ne,ne,ne,ne,ne,ne,ne,ne,ne,ne,ne,da,ne,ne,ne,ne,ne,ne,ne,ne,ne,ne,ne,ne,ne,ne,ne,ne,ne,ne,ne,da,da
05/01/2019,-1.5,1.1,-3,-6.5,0.8,60,71,983,0,0,0,0,ne,ne,ne,ne,ne,ne,ne,ne,ne,ne,ne,ne,ne,ne,ne,ne,ne,ne,ne,ne,ne,ne,ne,ne,ne,ne,ne,ne,ne,ne,ne,ne,ne
06/01/2019,-0.1,6.5,-4.3,-6,1.1,40,73,985,0,0,0,7.3,ne,ne,ne,ne,ne,ne,ne,ne,ne,ne,ne,ne,ne,ne,ne,ne,ne,ne,ne,ne,ne,ne,ne,ne,ne,da,da,ne,ne,ne,ne,ne,ne
07/01/2019,-0.6,1,-2.3,-6.2,1.1,77,81,992,0,0,0,0.2,ne,ne,ne,ne,ne,ne,ne,ne,ne,ne,ne,da,ne,ne,ne,ne,ne,ne,ne,ne,ne,ne,ne,ne,ne,ne,da,ne,ne,ne,ne,da,ne
08/01/2019,-0.8,1.2,-3.2,-5.3,0.5,100,92,979,0,0,0,0,ne,ne,ne,ne,ne,ne,ne,ne,da,ne,ne,da,ne,ne,da,ne,ne,ne,ne,ne,ne,ne,da,ne,ne,ne,da,ne,ne,ne,ne,da,ne
09/01/2019,-1.1,2.6,-3.5,-2.1,0.7,80,95,970,0.2,0,0,1.3,ne,ne,ne,ne,ne,ne,ne,ne,ne,ne,ne,ne,ne,ne,ne,ne,ne,ne,ne,da,da,ne,da,ne,ne,da,da,ne,ne,ne,ne,da,ne
10/01/2019,0.5,4,-3.7,-8,1.3,73,83,977,0,0,0,2.1,ne,ne,ne,ne,ne,ne,ne,ne,ne,ne,ne,da,ne,ne,ne,ne,ne,ne,ne,da,da,ne,da,ne,ne,ne,da,ne,ne,ne,ne,ne,ne
11/01/2019,-1.3,3.5,-2.8,-5.4,0.8,33,70,984,0,0,0,4.4,ne,ne,ne,ne,ne,ne,ne,ne,ne,ne,ne,ne,ne,ne,ne,ne,ne,ne,ne,ne,ne,ne,ne,ne,ne,ne,da,ne,ne,ne,ne,da,ne
12/01/2019,-0.9,2.6,-3.6,-6,0.3,73,74,981,0,0,0,1.8,ne,ne,ne,ne,ne,ne,ne,ne,ne,ne,ne,ne,ne,ne,ne,ne,ne,ne,ne,ne,ne,ne,ne,ne,ne,ne,da,ne,ne,ne,ne,ne,ne
13/01/2019,3.4,6.9,-3.2,-1.9,0.8,83,74,972,0,0,0,5.7,ne,ne,ne,ne,ne,ne,ne,ne,ne,ne,ne,ne,ne,ne,ne,ne,ne,ne,ne,ne,ne,ne,ne,ne,ne,da,da,ne,ne,ne,ne,ne,ne
14/01/2019,6,12.6,1.3,2.1,1.2,63,61,968,0,0,0,5.6,da,ne,ne,ne,da,ne,ne,ne,ne,ne,ne,ne,ne,ne,ne,ne,da,ne,ne,ne,ne,ne,ne,ne,ne,da,ne,ne,ne,ne,ne,da,ne
15/01/2019,4.1,9.1,-2.5,-4.7,2,13,48,981,0,0,0,7.9,ne,ne,ne,ne,ne,ne,ne,ne,ne,ne,ne,ne,ne,ne,ne,ne,ne,ne,ne,ne,ne,ne,ne,ne,ne,ne,da,ne,ne,ne,ne,da,ne
16/01/2019,5.8,9.2,-0.5,-2,2.4,93,59,982,0,0,0,2.3,ne,ne,ne,ne,ne,ne,ne,ne,ne,ne,ne,ne,ne,ne,ne,ne,ne,ne,ne,ne,ne,ne,ne,ne,ne,ne,ne,ne,ne,ne,ne,ne,ne
17/01/2019,7.4,9.1,6.2,2.4,2,93,81,976,0,0,0,0,da,ne,da,ne,ne,ne,ne,ne,ne,ne,ne,ne,ne,ne,ne,ne,ne,ne,ne,ne,ne,ne,da,ne,ne,ne,ne,ne,ne,ne,ne,ne,ne
18/01/2019,1.5,7.6,0.5,0,0.8,93,93,981,25.6,0,0,0,ne,ne,da,da,ne,ne,ne,ne,ne,ne,ne,da,ne,ne,da,ne,ne,ne,ne,da,ne,ne,da,ne,ne,ne,ne,ne,ne,ne,ne,da,da
19/01/2019,0.9,1.3,0.1,-0.3,1.7,100,79,982,19.3,5,5,0,ne,ne,ne,ne,ne,ne,ne,ne,ne,ne,ne,ne,ne,ne,ne,ne,ne,ne,ne,ne,ne,ne,ne,ne,ne,ne,ne,ne,ne,ne,ne,da,da
20/01/2019,-0.2,3.5,-3,-2,0.6,57,79,980,0,5,0,5.2,ne,ne,ne,ne,ne,ne,ne,ne,ne,ne,ne,ne,ne,ne,ne,ne,ne,ne,ne,ne,ne,ne,da,ne,ne,ne,ne,ne,ne,ne,ne,ne,da
21/01/2019,-0.1,1,-1,-2.5,2,100,77,984,0,5,0,0,ne,ne,ne,ne,ne,ne,ne,ne,ne,ne,ne,ne,ne,ne,da,ne,ne,ne,ne,ne,ne,ne,da,ne,ne,ne,ne,ne,ne,ne,ne,ne,da
22/01/2019,-1.2,1.2,-2.7,-3.8,2.1,93,83,975,0.1,5,0,0,ne,ne,ne,ne,ne,ne,ne,ne,ne,ne,ne,da,ne,ne,ne,ne,ne,ne,ne,ne,ne,ne,da,ne,ne,ne,ne,ne,ne,ne,ne,da,da
23/01/2019,-2.4,-1.5,-2.7,-3.2,0.4,100,86,965,0.4,6,1,0,ne,ne,ne,ne,ne,ne,ne,ne,ne,ne,ne,da,ne,ne,ne,ne,ne,ne,ne,ne,ne,ne,da,ne,ne,ne,ne,ne,ne,ne,ne,da,da
24/01/2019,-0.6,0.4,-2.5,-3.1,1,97,82,969,1.6,9,3,0,ne,ne,ne,ne,ne,ne,ne,ne,ne,ne,ne,ne,ne,ne,ne,ne,ne,ne,ne,ne,ne,ne,da,ne,ne,ne,ne,ne,ne,ne,ne,da,da
25/01/2019,-3.1,0,-4.8,-11.1,1,43,80,975,0,8,0,4.2,ne,ne,ne,ne,ne,ne,ne,ne,ne,ne,ne,ne,ne,ne,ne,ne,ne,ne,ne,ne,ne,ne,da,ne,ne,ne,ne,ne,ne,ne,ne,ne,da
26/01/2019,-4,0.2,-8.3,-11,0.3,60,77,976,0,8,0,3.7,ne,ne,ne,ne,ne,ne,ne,ne,ne,ne,ne,ne,ne,ne,ne,ne,ne,ne,ne,ne,ne,ne,da,ne,ne,ne,ne,ne,ne,ne,ne,ne,da
27/01/2019,-0.9,1.5,-6.6,-13.5,0.5,83,83,966,0,7,0,1.8,ne,ne,da,ne,ne,ne,ne,ne,ne,ne,ne,ne,ne,ne,ne,ne,ne,ne,ne,ne,ne,ne,da,ne,ne,ne,ne,ne,ne,ne,ne,ne,da
28/01/2019,2,3.2,0.5,0.2,1.2,100,93,962,9.6,4,0,0,ne,ne,da,ne,ne,ne,ne,ne,ne,ne,ne,ne,ne,ne,da,ne,ne,ne,ne,ne,ne,ne,da,ne,ne,ne,ne,ne,ne,ne,ne,da,da
29/01/2019,2.2,5.6,0,-0.5,1,77,84,971,9.3,4,0,3.1,ne,ne,ne,ne,ne,ne,ne,ne,ne,ne,ne,ne,ne,ne,ne,ne,ne,ne,ne,ne,ne,ne,da,ne,ne,ne,ne,da,ne,ne,ne,da,da
30/01/2019,1,3.6,0,-0.1,0.6,83,76,966,0,2,0,1.9,ne,ne,ne,ne,ne,ne,ne,ne,ne,ne,ne,ne,ne,ne,ne,ne,ne,ne,ne,ne,ne,ne,ne,ne,ne,ne,ne,ne,ne,ne,ne,ne,da
31/01/2019,0.3,1.6,-2,-5.6,0.2,93,86,968,0,1,0,0,ne,ne,ne,ne,ne,ne,ne,ne,ne,ne,ne,da,ne,ne,ne,ne,ne,ne,ne,ne,ne,ne,da,ne,ne,ne,ne,ne,ne,ne,ne,ne,da
01/02/2019,1.7,2.6,-0.4,-3.5,0.5,100,95,966,1.7,2,1,0,ne,ne,da,ne,ne,ne,ne,ne,ne,ne,ne,da,ne,ne,da,ne,ne,ne,ne,da,ne,ne,da,ne,ne,ne,ne,ne,ne,ne,ne,da,da
02/02/2019,6.1,7.6,2,1.6,0.8,100,99,964,21,0,0,0,ne,ne,da,ne,ne,ne,ne,ne,ne,ne,ne,ne,ne,ne,ne,ne,ne,ne,ne,da,ne,ne,da,ne,ne,ne,ne,ne,ne,ne,ne,da,ne
03/02/2019,6.8,11.7,4.9,2.5,1.5,93,89,970,44.7,0,0,2.2,ne,ne,da,ne,da,ne,ne,ne,ne,ne,ne,ne,ne,ne,ne,ne,ne,ne,ne,ne,ne,ne,da,ne,ne,ne,ne,ne,ne,ne,ne,da,ne
04/02/2019,3.7,8.2,2.7,2.2,1.6,83,77,991,11.9,0,0,4.7,ne,ne,ne,ne,ne,ne,ne,ne,ne,ne,ne,ne,ne,ne,ne,ne,ne,ne,ne,ne,ne,ne,ne,ne,ne,ne,ne,ne,ne,ne,ne,da,ne
05/02/2019,2.2,4.6,1.3,0.1,1.1,73,72,992,0,0,0,0,ne,ne,ne,ne,ne,ne,ne,ne,ne,ne,ne,ne,ne,ne,ne,ne,ne,ne,ne,ne,ne,ne,ne,ne,ne,ne,ne,ne,ne,ne,ne,ne,ne
06/02/2019,1.3,8.1,-4,-6.8,0.8,10,76,991,0,0,0,6.9,ne,ne,ne,ne,ne,ne,ne,ne,ne,ne,ne,ne,ne,ne,ne,ne,ne,ne,ne,ne,ne,ne,da,ne,ne,ne,da,ne,ne,ne,ne,ne,ne
07/02/2019,0.4,6.7,-4.8,-9,0.5,60,82,985,0,0,0,3.3,ne,ne,ne,ne,ne,ne,ne,ne,ne,ne,ne,ne,ne,ne,ne,ne,ne,ne,ne,da,da,ne,da,ne,ne,ne,da,ne,ne,ne,ne,ne,ne
08/02/2019,2.2,8.2,-1.2,-1.8,0.6,50,77,986,0,0,0,4.2,ne,ne,ne,ne,ne,ne,ne,ne,ne,ne,ne,ne,ne,ne,ne,ne,ne,ne,ne,ne,ne,ne,da,ne,ne,ne,da,ne,ne,ne,ne,ne,ne
09/02/2019,5.2,11.3,-2.7,-7,1.6,67,72,983,0,0,0,5.5,ne,ne,ne,ne,ne,ne,ne,ne,ne,ne,ne,ne,ne,ne,ne,ne,ne,ne,ne,ne,ne,ne,da,ne,ne,da,da,ne,ne,ne,ne,ne,ne
10/02/2019,4.9,7.1,1.5,-2.8,0.6,100,91,977,0,0,0,0,da,ne,da,ne,ne,ne,ne,ne,ne,ne,ne,ne,ne,ne,ne,ne,ne,ne,ne,ne,ne,ne,da,ne,ne,ne,ne,ne,ne,ne,ne,ne,ne
11/02/2019,4.3,9.3,2.9,2,1.4,87,88,975,18.1,0,0,0.4,da,ne,da,ne,ne,ne,ne,ne,ne,ne,ne,ne,ne,ne,ne,ne,ne,ne,ne,ne,ne,ne,da,ne,ne,da,ne,ne,ne,ne,ne,da,ne
12/02/2019,3.9,11.2,-1.4,-6.4,1,23,54,989,0.1,0,0,7.4,ne,ne,ne,ne,ne,ne,ne,ne,ne,ne,ne,ne,ne,ne,ne,ne,ne,ne,ne,ne,ne,ne,ne,ne,ne,da,da,ne,ne,ne,ne,da,ne
13/02/2019,2.6,10.4,-3.2,-8.4,0.4,10,62,999,0,0,0,8.5,ne,ne,ne,ne,ne,ne,ne,ne,ne,ne,ne,ne,ne,ne,ne,ne,ne,ne,ne,ne,ne,ne,ne,ne,ne,da,da,ne,ne,ne,ne,ne,ne
14/02/2019,4.2,13.4,-1.7,-6.8,0.3,23,69,999,0,0,0,7.1,ne,ne,ne,ne,ne,ne,ne,ne,ne,ne,ne,ne,ne,ne,ne,ne,ne,ne,ne,ne,ne,ne,ne,ne,ne,da,da,ne,ne,ne,ne,ne,ne
15/02/2019,4.3,12,-1.7,-4.5,1,20,74,997,0,0,0,8.5,ne,ne,ne,ne,ne,ne,ne,ne,ne,ne,ne,ne,ne,ne,ne,ne,ne,ne,ne,ne,ne,ne,ne,ne,ne,da,da,ne,ne,ne,ne,ne,ne
16/02/2019,4.1,13.3,-2.5,-3,0.2,40,74,996,0,0,0,7.5,ne,ne,ne,ne,ne,ne,ne,ne,ne,ne,ne,ne,ne,ne,ne,ne,ne,ne,ne,da,da,ne,da,ne,ne,da,da,ne,ne,ne,ne,ne,ne
17/02/2019,5.2,16.3,-2.3,-8.4,0,7,68,992,0,0,0,8.3,ne,ne,ne,ne,ne,ne,ne,ne,ne,ne,ne,ne,ne,ne,ne,ne,ne,ne,ne,ne,ne,ne,ne,ne,ne,da,da,ne,ne,ne,ne,ne,ne
18/02/2019,6.1,16,-1.8,-7.8,0,3,65,987,0,0,0,8.4,ne,ne,ne,ne,ne,ne,ne,ne,ne,ne,ne,ne,ne,ne,ne,ne,ne,ne,ne,ne,ne,ne,ne,ne,ne,da,da,ne,ne,ne,ne,ne,ne
19/02/2019,7,15,-1.1,-6.5,2.5,7,65,985,0,0,0,8.7,ne,ne,ne,ne,ne,ne,ne,ne,ne,ne,ne,ne,ne,ne,ne,ne,ne,ne,ne,ne,ne,ne,da,ne,ne,da,ne,ne,ne,ne,ne,ne,ne
20/02/2019,6.9,14.1,-0.6,-6,0.5,47,70,988,0,0,0,7.8,ne,ne,ne,ne,ne,ne,ne,ne,ne,ne,ne,ne,ne,ne,ne,ne,ne,ne,ne,ne,ne,ne,da,ne,ne,da,da,ne,ne,ne,ne,ne,ne
21/02/2019,7.6,14.3,1,-4.7,0.2,47,66,991,0,0,0,8.5,ne,ne,ne,ne,ne,ne,ne,ne,ne,ne,ne,ne,ne,ne,ne,ne,ne,ne,ne,ne,ne,ne,da,ne,ne,da,da,ne,ne,ne,ne,ne,ne
22/02/2019,9.1,17,1.8,-2.7,2.7,50,65,989,0,0,0,5.5,da,ne,ne,ne,ne,ne,ne,ne,ne,ne,ne,ne,ne,ne,ne,ne,ne,ne,ne,ne,ne,ne,ne,ne,ne,da,da,ne,ne,ne,ne,ne,ne
23/02/2019,1.1,8.7,-1.5,-3,5,3,32,1001,0,0,0,9,da,ne,ne,ne,ne,ne,ne,ne,ne,ne,ne,ne,ne,ne,ne,ne,ne,ne,ne,ne,ne,ne,ne,ne,ne,ne,ne,ne,ne,ne,ne,ne,ne
24/02/2019,2.1,7.3,-4.5,-10.8,0.8,57,41,1002,0,0,0,6.8,ne,ne,ne,ne,ne,ne,ne,ne,ne,ne,ne,ne,ne,ne,ne,ne,ne,ne,ne,ne,ne,ne,ne,ne,ne,da,da,ne,ne,ne,ne,ne,ne
25/02/2019,5.3,12.5,0.3,-3.6,0.5,60,51,998,0,0,0,7.1,ne,ne,ne,ne,da,ne,ne,ne,ne,ne,ne,ne,ne,ne,ne,ne,ne,ne,ne,ne,ne,ne,ne,ne,ne,ne,ne,ne,ne,ne,ne,ne,ne
26/02/2019,10.9,17.5,0.7,-4.8,0.6,70,50,992,0,0,0,6,ne,ne,ne,ne,ne,ne,ne,ne,ne,ne,ne,ne,ne,ne,ne,ne,ne,ne,ne,ne,ne,ne,ne,ne,ne,da,ne,ne,ne,ne,ne,da,ne
27/02/2019,8.1,16.5,2,-4.3,0.4,10,54,990,0,0,0,9.2,ne,ne,ne,ne,ne,ne,ne,ne,ne,ne,ne,ne,ne,ne,ne,ne,ne,ne,ne,ne,ne,ne,ne,ne,ne,ne,ne,ne,ne,ne,ne,ne,ne
28/02/2019,10.2,19,0,-5.2,3.3,23,50,981,0,0,0,9,da,ne,ne,ne,ne,ne,ne,ne,ne,ne,ne,ne,ne,ne,ne,ne,ne,ne,ne,ne,ne,ne,ne,ne,ne,ne,da,ne,ne,ne,ne,ne,ne
01/03/2019,9.5,14.9,1.1,-2,0.9,57,56,977,0,0,0,4,ne,ne,da,ne,ne,ne,ne,ne,ne,ne,ne,ne,ne,ne,ne,ne,ne,ne,ne,ne,ne,ne,ne,ne,ne,ne,da,ne,ne,ne,ne,ne,ne
02/03/2019,9.4,15.5,1.5,-3,0.6,63,62,980,0.2,0,0,3.8,ne,ne,ne,ne,ne,ne,ne,ne,ne,ne,ne,ne,ne,ne,ne,ne,ne,ne,ne,ne,ne,ne,ne,ne,ne,ne,da,ne,ne,ne,ne,da,ne
03/03/2019,9.9,17.1,2.4,-3.6,0.2,30,57,984,0,0,0,8.5,ne,ne,ne,ne,ne,ne,ne,ne,ne,ne,ne,ne,ne,ne,ne,ne,ne,ne,ne,ne,ne,ne,ne,ne,ne,da,da,ne,ne,ne,ne,ne,ne
04/03/2019,9.9,15.1,3.6,-1.2,3.1,83,63,973,0,0,0,5.9,da,ne,da,ne,ne,ne,ne,ne,ne,ne,ne,ne,ne,ne,ne,ne,ne,ne,ne,ne,ne,ne,ne,ne,ne,ne,ne,ne,ne,ne,ne,ne,ne
05/03/2019,8.9,14.2,3.8,-0.9,1.7,43,76,977,4,0,0,6.2,ne,ne,da,ne,ne,ne,ne,ne,ne,ne,ne,ne,ne,ne,ne,ne,ne,ne,ne,ne,ne,ne,da,ne,ne,ne,ne,ne,ne,ne,ne,da,ne
06/03/2019,8.8,15,1.3,-3.6,1.5,47,71,982,0,0,0,6,ne,ne,ne,ne,ne,ne,ne,ne,ne,ne,ne,ne,ne,ne,ne,ne,ne,ne,ne,ne,ne,ne,ne,ne,ne,da,da,ne,ne,ne,ne,ne,ne
07/03/2019,12.8,15.6,9.2,5.2,1.9,90,69,976,0,0,0,2,da,ne,da,da,ne,ne,ne,ne,ne,ne,ne,ne,ne,ne,ne,ne,ne,ne,ne,ne,ne,ne,ne,ne,ne,ne,ne,ne,ne,ne,ne,ne,ne
08/03/2019,12,17.1,10.2,3.7,2,50,60,982,0.1,0,0,9.7,da,ne,ne,ne,ne,ne,ne,ne,ne,ne,ne,ne,ne,ne,ne,ne,ne,ne,ne,ne,ne,ne,ne,ne,ne,da,ne,ne,ne,ne,ne,da,ne
09/03/2019,11.4,16.5,5.4,0.3,3,70,63,985,0,0,0,8.7,da,ne,ne,ne,ne,ne,ne,ne,ne,ne,ne,ne,ne,ne,ne,ne,ne,ne,ne,ne,ne,ne,ne,ne,ne,da,ne,ne,ne,ne,ne,ne,ne
10/03/2019,11.2,13,8.3,3,1.8,80,69,980,0,0,0,0,ne,ne,ne,ne,ne,ne,ne,ne,ne,ne,ne,ne,ne,ne,ne,ne,ne,ne,ne,ne,ne,ne,ne,ne,ne,ne,ne,ne,ne,ne,ne,ne,ne
11/03/2019,3.9,12,2.3,4.6,1.1,93,88,980,0,0,0,0.2,ne,ne,da,ne,da,da,ne,ne,ne,ne,ne,ne,ne,ne,da,ne,ne,ne,ne,ne,ne,ne,ne,ne,ne,da,ne,ne,ne,ne,ne,ne,ne
12/03/2019,6,12,0.5,0.5,1.6,40,61,986,8.8,0,0,8.1,ne,ne,ne,ne,ne,ne,ne,ne,ne,ne,ne,ne,ne,ne,ne,ne,ne,ne,ne,da,ne,ne,da,ne,ne,da,ne,ne,ne,ne,ne,da,ne
13/03/2019,5.6,11.2,1.6,-3.3,1,93,66,978,0,0,0,1.8,ne,ne,da,ne,ne,ne,ne,ne,ne,ne,ne,ne,ne,ne,ne,ne,ne,ne,ne,ne,ne,ne,ne,ne,ne,ne,da,ne,ne,ne,ne,ne,ne
14/03/2019,7.2,13.1,1.4,-1.6,1.6,50,63,975,1.8,0,0,5.7,ne,ne,ne,ne,ne,ne,ne,ne,ne,ne,ne,ne,ne,ne,ne,ne,ne,ne,ne,da,da,ne,da,ne,ne,ne,ne,ne,ne,ne,ne,da,ne
15/03/2019,9.7,16,0.7,-2.5,5.4,47,60,975,0,0,0,7.7,ne,ne,ne,ne,ne,ne,ne,ne,ne,ne,ne,ne,ne,ne,ne,ne,ne,ne,ne,ne,ne,ne,ne,ne,ne,ne,da,ne,ne,ne,ne,ne,ne
16/03/2019,11.1,17.3,3.9,2.3,3.1,60,68,978,0,0,0,2.3,ne,ne,ne,ne,ne,ne,ne,ne,ne,ne,ne,ne,ne,ne,ne,ne,ne,ne,ne,ne,ne,ne,ne,ne,ne,da,ne,ne,ne,ne,ne,ne,ne
17/03/2019,12.3,16.2,9.4,7,3.1,90,70,978,0,0,0,0.8,ne,ne,ne,ne,da,ne,ne,ne,ne,ne,ne,ne,ne,ne,ne,ne,ne,ne,ne,ne,ne,ne,ne,ne,ne,ne,ne,ne,ne,ne,ne,ne,ne
18/03/2019,4.8,12.3,0.9,4.4,1,100,88,982,0.2,0,0,0,da,ne,da,ne,ne,ne,ne,ne,ne,ne,ne,da,ne,ne,da,ne,ne,ne,ne,ne,ne,ne,da,ne,ne,ne,ne,ne,ne,ne,ne,da,da
19/03/2019,5.5,8,2.8,2,2.2,90,77,990,15.6,0,0,0,ne,ne,da,ne,ne,ne,ne,ne,ne,ne,ne,ne,ne,ne,ne,ne,ne,ne,ne,ne,ne,ne,ne,ne,ne,ne,ne,ne,ne,ne,ne,da,ne
20/03/2019,5.7,11,1.6,-2.3,2.2,20,59,996,0.2,0,0,10.5,da,ne,ne,ne,ne,ne,ne,ne,ne,ne,ne,ne,ne,ne,ne,ne,ne,ne,ne,ne,ne,ne,ne,ne,ne,da,ne,ne,ne,ne,ne,da,ne
21/03/2019,7,14,-0.5,-3,1.5,20,55,998,0,0,0,10.6,ne,ne,ne,ne,ne,ne,ne,ne,ne,ne,ne,ne,ne,ne,ne,ne,ne,ne,ne,ne,ne,ne,ne,ne,ne,da,da,ne,ne,ne,ne,ne,ne
22/03/2019,9.1,18.1,-0.2,-7.6,0.8,20,57,995,0,0,0,10.6,ne,ne,ne,ne,ne,ne,ne,ne,ne,ne,ne,ne,ne,ne,ne,ne,ne,ne,ne,ne,ne,ne,ne,ne,ne,ne,da,ne,ne,ne,ne,ne,ne
23/03/2019,11.5,20.6,1.8,-4.3,0.6,0,56,991,0,0,0,11.4,ne,ne,ne,ne,ne,ne,ne,ne,ne,ne,ne,ne,ne,ne,ne,ne,ne,ne,ne,ne,ne,ne,ne,ne,ne,ne,da,ne,ne,ne,ne,ne,ne
24/03/2019,13.7,23.3,3.4,-3.1,1,3,52,985,0,0,0,11.6,ne,ne,ne,ne,ne,ne,ne,ne,ne,ne,ne,ne,ne,ne,ne,ne,ne,ne,ne,ne,ne,ne,ne,ne,ne,ne,da,ne,ne,ne,ne,ne,ne
25/03/2019,7.1,17.3,3.8,-0.9,1.1,40,75,979,0,0,0,3.6,da,ne,da,ne,ne,ne,ne,ne,ne,ne,ne,ne,ne,ne,ne,ne,ne,ne,ne,ne,ne,ne,ne,ne,ne,da,ne,ne,ne,ne,ne,ne,ne
26/03/2019,7.7,12.6,2.6,1.5,2.6,30,61,987,17,0,0,10.3,da,ne,ne,ne,ne,ne,ne,ne,ne,ne,ne,ne,ne,ne,ne,ne,ne,ne,ne,ne,ne,ne,ne,ne,ne,da,ne,ne,ne,ne,ne,da,ne
27/03/2019,5.9,10.5,0.6,-5,1.3,70,64,992,0,0,0,0,ne,ne,ne,ne,ne,ne,ne,ne,ne,ne,ne,ne,ne,ne,ne,ne,ne,ne,ne,ne,ne,ne,ne,ne,ne,da,da,ne,ne,ne,ne,ne,ne
28/03/2019,8,13.5,1.8,-4,2.4,63,62,995,0,0,0,9.4,da,ne,ne,ne,ne,ne,ne,ne,ne,ne,ne,ne,ne,ne,ne,ne,ne,ne,ne,ne,ne,ne,ne,ne,ne,da,ne,ne,ne,ne,ne,ne,ne
29/03/2019,10.4,15.8,6.5,3,1.3,40,59,995,0,0,0,8.9,ne,ne,ne,ne,ne,ne,ne,ne,ne,ne,ne,ne,ne,ne,ne,ne,ne,ne,ne,ne,ne,ne,ne,ne,ne,da,ne,ne,ne,ne,ne,ne,ne
30/03/2019,10.3,19.5,1.6,-4.3,0.8,17,59,989,0,0,0,11.1,ne,ne,ne,ne,ne,ne,ne,ne,ne,ne,ne,ne,ne,ne,ne,ne,ne,ne,ne,ne,ne,ne,ne,ne,ne,da,da,ne,ne,ne,ne,ne,ne
31/03/2019,12.4,22.5,2.5,-4.6,1,0,52,983,0,0,0,11.7,ne,ne,ne,ne,ne,ne,ne,ne,ne,ne,ne,ne,ne,ne,ne,ne,ne,ne,ne,ne,ne,ne,ne,ne,ne,da,da,ne,ne,ne,ne,ne,ne
01/04/2019,13,20.6,5.4,1.6,1.7,3,56,983,0,0,0,11.6,ne,ne,ne,ne,ne,ne,ne,ne,ne,ne,ne,ne,ne,ne,ne,ne,ne,ne,ne,ne,ne,ne,ne,ne,ne,da,ne,ne,ne,ne,ne,ne,ne
02/04/2019,13.7,20,5.6,-1.4,1.1,70,58,980,0,0,0,8.3,ne,ne,ne,ne,da,ne,ne,ne,ne,ne,ne,ne,ne,ne,ne,ne,ne,ne,ne,ne,ne,ne,ne,ne,ne,da,ne,ne,ne,ne,ne,ne,ne
03/04/2019,13.2,17.2,9.3,4.6,2,77,66,974,0,0,0,4.9,ne,ne,da,ne,da,ne,ne,ne,ne,ne,ne,ne,ne,ne,ne,ne,ne,ne,ne,ne,ne,ne,ne,ne,ne,ne,ne,ne,ne,ne,ne,da,ne
04/04/2019,13,16.8,8.1,2.8,2.3,90,70,968,3.5,0,0,0.9,da,ne,ne,ne,da,ne,ne,ne,ne,ne,ne,ne,ne,ne,ne,ne,ne,ne,ne,ne,ne,ne,ne,ne,ne,da,ne,ne,ne,ne,ne,da,ne
05/04/2019,9.5,13.6,7.5,10.5,2.1,97,82,967,0.1,0,0,0,ne,ne,da,ne,da,ne,ne,ne,ne,ne,ne,ne,ne,ne,ne,ne,ne,ne,ne,ne,ne,ne,ne,ne,ne,ne,ne,ne,ne,ne,ne,da,ne
06/04/2019,8.7,12.2,6.2,1.4,0.5,63,84,972,17.3,0,0,0,ne,ne,da,ne,ne,ne,ne,ne,ne,ne,ne,ne,ne,ne,ne,ne,ne,ne,ne,ne,ne,ne,ne,ne,ne,ne,ne,ne,ne,ne,ne,da,ne
07/04/2019,9.5,15.6,4.5,0,1.3,70,84,972,0,0,0,2.2,ne,ne,da,ne,ne,ne,ne,ne,ne,ne,ne,ne,ne,ne,ne,ne,ne,ne,ne,da,ne,ne,da,ne,ne,da,ne,ne,ne,ne,ne,da,ne
08/04/2019,11,15,8.1,4.1,0.8,87,85,972,0.4,0,0,2.5,ne,ne,da,ne,da,ne,ne,ne,ne,ne,ne,ne,ne,ne,ne,ne,ne,ne,ne,ne,ne,ne,da,ne,ne,ne,ne,ne,ne,ne,ne,da,ne
09/04/2019,10,12.8,7.8,4,0.5,93,94,972,1.7,0,0,0,ne,ne,da,ne,da,ne,ne,ne,ne,ne,ne,ne,ne,ne,ne,ne,ne,ne,ne,da,ne,ne,da,ne,ne,da,ne,ne,ne,ne,ne,da,ne
10/04/2019,11.4,13.7,9,5,0.6,97,91,972,8.4,0,0,0,ne,ne,da,ne,ne,ne,ne,ne,ne,ne,ne,ne,ne,ne,ne,ne,ne,ne,ne,ne,ne,ne,da,ne,ne,ne,ne,ne,ne,ne,ne,da,ne
11/04/2019,8.4,11.7,7.2,8.6,1.5,100,90,977,11.5,0,0,0,ne,ne,da,ne,ne,ne,ne,ne,ne,ne,ne,ne,ne,ne,ne,ne,ne,ne,ne,ne,ne,ne,da,ne,ne,ne,ne,ne,ne,ne,ne,da,ne
12/04/2019,5.5,7.5,4.9,4.7,2.2,97,89,980,6,0,0,0,ne,ne,da,ne,ne,ne,ne,ne,ne,ne,ne,ne,ne,ne,ne,ne,ne,ne,ne,ne,ne,ne,da,ne,ne,ne,ne,ne,ne,ne,ne,da,ne
13/04/2019,7.5,11,4.9,4,1.8,90,75,981,0.4,0,0,0.7,ne,ne,ne,ne,ne,ne,ne,ne,ne,ne,ne,ne,ne,ne,ne,ne,ne,ne,ne,ne,ne,ne,da,ne,ne,ne,ne,ne,ne,ne,ne,da,ne
14/04/2019,7.6,9.5,5,4.6,1.6,93,79,981,0,0,0,0,ne,ne,da,ne,ne,ne,ne,ne,ne,ne,ne,ne,ne,ne,ne,ne,ne,ne,ne,ne,ne,ne,da,ne,ne,ne,ne,ne,ne,ne,ne,da,ne
15/04/2019,10.3,16.3,6.5,4.6,1.6,47,66,985,0.4,0,0,10.3,ne,ne,da,ne,da,ne,ne,ne,ne,ne,ne,ne,ne,ne,ne,ne,ne,ne,ne,ne,ne,ne,ne,ne,ne,da,ne,ne,ne,ne,ne,da,ne
16/04/2019,10.5,18.8,2.6,-3.4,0.4,13,59,985,0,0,0,12.6,ne,ne,ne,ne,ne,ne,ne,ne,ne,ne,ne,ne,ne,ne,ne,ne,ne,ne,ne,ne,ne,ne,ne,ne,ne,da,da,ne,ne,ne,ne,ne,ne
17/04/2019,12.7,20.3,3.5,-2.5,1.7,17,55,986,0,0,0,12.2,ne,ne,ne,ne,ne,ne,ne,ne,ne,ne,ne,ne,ne,ne,ne,ne,ne,ne,ne,ne,ne,ne,ne,ne,ne,da,da,ne,ne,ne,ne,ne,ne
18/04/2019,12.5,18.7,5.7,-1.3,1.5,30,59,992,0,0,0,11.6,ne,ne,ne,ne,ne,ne,ne,ne,ne,ne,ne,ne,ne,ne,ne,ne,ne,ne,ne,ne,ne,ne,ne,ne,ne,da,ne,ne,ne,ne,ne,ne,ne
19/04/2019,13.7,21.5,5,-2,0.4,7,57,994,0,0,0,13,ne,ne,ne,ne,ne,ne,ne,ne,ne,ne,ne,ne,ne,ne,ne,ne,ne,ne,ne,ne,ne,ne,ne,ne,ne,da,ne,ne,ne,ne,ne,ne,ne
20/04/2019,15,22.5,5.7,-1.4,0.9,3,49,992,0,0,0,12.9,ne,ne,ne,ne,ne,ne,ne,ne,ne,ne,ne,ne,ne,ne,ne,ne,ne,ne,ne,ne,ne,ne,ne,ne,ne,da,ne,ne,ne,ne,ne,ne,ne
21/04/2019,15.6,24.5,5.4,-1.9,1.5,13,49,986,0,0,0,12.7,ne,ne,ne,ne,ne,ne,ne,ne,ne,ne,ne,ne,ne,ne,ne,ne,ne,ne,ne,ne,ne,ne,ne,ne,ne,da,ne,ne,ne,ne,ne,ne,ne
22/04/2019,15.3,22.1,6.5,-1,2.7,53,54,978,0,0,0,11.4,da,ne,ne,ne,ne,ne,ne,ne,ne,ne,ne,ne,ne,ne,ne,ne,ne,ne,ne,ne,ne,ne,ne,ne,ne,da,ne,ne,ne,ne,ne,ne,ne
23/04/2019,11,15.3,10.5,8,1,100,93,975,3.8,0,0,0,ne,ne,da,ne,ne,ne,ne,ne,ne,ne,ne,ne,ne,ne,ne,ne,ne,ne,ne,ne,ne,ne,da,ne,ne,ne,ne,ne,ne,ne,ne,da,ne
24/04/2019,15.7,20.7,10.7,10,2.2,80,77,982,14.6,0,0,5.1,ne,ne,da,ne,ne,ne,ne,ne,ne,ne,ne,ne,ne,ne,ne,ne,ne,ne,ne,ne,ne,ne,da,ne,ne,da,ne,ne,ne,ne,ne,da,ne
25/04/2019,17.8,22,10.8,5,3.3,50,66,983,2.5,0,0,12.1,da,ne,ne,ne,ne,ne,ne,ne,ne,ne,ne,ne,ne,ne,ne,ne,ne,ne,ne,ne,ne,ne,ne,ne,ne,da,ne,ne,ne,ne,ne,da,ne
26/04/2019,16.8,24,12,7,3.1,80,71,980,0,0,0,7,da,ne,ne,ne,da,ne,ne,ne,ne,ne,ne,ne,ne,ne,ne,ne,ne,ne,ne,ne,ne,ne,ne,ne,ne,da,ne,ne,ne,ne,ne,ne,ne
27/04/2019,11.9,16.8,8.6,3.3,1.4,37,75,980,1.2,0,0,8.6,ne,ne,da,ne,da,da,ne,ne,ne,ne,ne,ne,ne,ne,ne,ne,ne,ne,ne,ne,ne,ne,ne,ne,ne,da,ne,ne,ne,ne,ne,da,ne
28/04/2019,6.9,11.1,6.5,1.7,2,97,93,980,1.7,0,0,0,ne,ne,da,ne,da,ne,ne,ne,ne,ne,ne,ne,ne,ne,ne,ne,ne,ne,ne,ne,ne,ne,da,ne,ne,ne,ne,ne,ne,ne,ne,da,ne
29/04/2019,9.6,12.5,6.3,5.5,0.7,97,80,978,15.4,0,0,0.9,ne,ne,da,ne,da,ne,ne,ne,ne,ne,ne,ne,ne,ne,ne,ne,ne,ne,ne,ne,ne,ne,ne,ne,ne,ne,ne,ne,ne,ne,ne,da,ne
30/04/2019,11.4,15.6,7.6,6.2,2.2,90,74,977,0.3,0,0,1.1,ne,ne,da,ne,ne,ne,ne,ne,ne,ne,ne,ne,ne,ne,ne,ne,ne,ne,ne,ne,ne,ne,da,ne,ne,ne,ne,ne,ne,ne,ne,da,ne
01/05/2019,14.7,22.3,6.8,3.7,1.5,33,64,977,0.3,0,0,11.8,ne,ne,ne,ne,ne,ne,ne,ne,ne,ne,ne,ne,ne,ne,ne,ne,ne,ne,ne,da,da,ne,da,ne,ne,ne,ne,ne,ne,ne,ne,da,ne
02/05/2019,15.2,21.6,7,2,3.7,30,58,976,0,0,0,12.4,da,ne,ne,ne,ne,ne,ne,ne,ne,ne,ne,ne,ne,ne,ne,ne,ne,ne,ne,ne,ne,ne,ne,ne,ne,da,ne,ne,ne,ne,ne,ne,ne
03/05/2019,11.6,15.3,10.9,8.5,1.2,90,83,975,0.2,0,0,0.7,ne,ne,da,ne,ne,ne,ne,ne,ne,ne,ne,ne,ne,ne,ne,ne,ne,ne,ne,ne,ne,ne,ne,ne,ne,ne,ne,ne,ne,ne,ne,da,ne
04/05/2019,11.2,13.1,9.8,9.5,0.7,97,92,970,17.5,0,0,0.3,da,ne,da,ne,ne,ne,ne,ne,ne,ne,ne,ne,ne,ne,ne,ne,ne,ne,ne,ne,ne,ne,da,ne,ne,ne,ne,ne,ne,ne,ne,da,ne
05/05/2019,6.3,11.5,4.9,7,1.2,100,88,972,25.5,0,0,0,ne,ne,da,ne,ne,ne,ne,ne,ne,ne,ne,ne,ne,ne,ne,ne,ne,ne,ne,ne,ne,ne,da,ne,ne,ne,ne,ne,ne,ne,ne,da,ne
06/05/2019,7.8,12.7,4,3,1.3,60,69,978,9.9,0,0,2,ne,ne,ne,ne,ne,ne,ne,ne,ne,ne,ne,ne,ne,ne,ne,ne,ne,ne,ne,ne,ne,ne,ne,ne,ne,ne,ne,ne,ne,ne,ne,da,ne
07/05/2019,10,16.6,2.2,-2,2,57,66,983,0,0,0,9,ne,ne,ne,ne,ne,ne,ne,ne,ne,ne,ne,ne,ne,ne,ne,ne,ne,ne,ne,da,ne,ne,da,ne,ne,ne,ne,ne,ne,ne,ne,ne,ne
08/05/2019,11.1,17.5,3.9,-1.1,2.4,93,70,979,0,0,0,4.8,ne,ne,ne,ne,da,ne,ne,ne,ne,ne,ne,ne,ne,ne,ne,ne,ne,ne,ne,ne,ne,ne,ne,ne,ne,da,ne,ne,ne,ne,ne,ne,ne
09/05/2019,9.8,13.1,8.8,9.1,0.4,67,88,972,0.3,0,0,3.1,ne,ne,da,ne,ne,ne,ne,ne,ne,ne,ne,ne,ne,ne,ne,ne,ne,ne,ne,ne,ne,ne,da,ne,ne,ne,ne,ne,ne,ne,ne,da,ne
10/05/2019,14.4,21.9,6.2,1.8,2.2,63,72,977,12.9,0,0,9.6,da,ne,ne,ne,ne,ne,ne,ne,ne,ne,ne,ne,ne,ne,ne,ne,ne,ne,ne,da,ne,ne,da,ne,ne,da,ne,ne,ne,ne,ne,da,ne
11/05/2019,15.9,21.5,7.9,3.4,1.1,77,70,979,0,0,0,7.3,ne,ne,ne,ne,da,ne,ne,ne,ne,ne,ne,ne,ne,ne,ne,ne,ne,ne,ne,ne,ne,ne,da,ne,ne,da,ne,ne,ne,ne,ne,ne,ne
12/05/2019,11.3,15.6,8.3,8.5,1.3,93,80,981,17.5,0,0,0,ne,ne,da,ne,ne,ne,ne,ne,ne,ne,ne,ne,ne,ne,ne,ne,ne,ne,ne,ne,ne,ne,ne,ne,ne,ne,ne,ne,ne,ne,ne,da,ne
13/05/2019,11,12.5,9.3,8.3,0.7,87,70,987,1.4,0,0,0,ne,ne,da,ne,ne,ne,ne,ne,ne,ne,ne,ne,ne,ne,ne,ne,ne,ne,ne,ne,ne,ne,ne,ne,ne,ne,ne,ne,ne,ne,ne,da,ne
14/05/2019,7.4,10.9,5.7,6.6,2.4,97,66,985,1.5,0,0,0,da,ne,da,ne,ne,ne,ne,ne,ne,ne,ne,ne,ne,ne,ne,ne,ne,ne,ne,ne,ne,ne,ne,ne,ne,ne,ne,ne,ne,ne,ne,da,ne
15/05/2019,6.7,8.1,4.1,3.5,0.9,90,88,980,4,0,0,0,ne,ne,da,ne,ne,ne,ne,ne,ne,ne,ne,ne,ne,ne,ne,ne,ne,ne,ne,ne,ne,ne,da,ne,ne,ne,ne,ne,ne,ne,ne,da,ne
16/05/2019,10.4,14.5,6.5,4.5,1.4,93,80,979,14.3,0,0,1.3,ne,ne,ne,ne,ne,ne,ne,ne,ne,ne,ne,ne,ne,ne,ne,ne,ne,ne,ne,ne,ne,ne,da,ne,ne,ne,ne,ne,ne,ne,ne,da,ne
17/05/2019,12.6,17.8,5.8,0.4,1.2,50,75,976,0,0,0,6.9,ne,ne,ne,ne,ne,ne,ne,ne,ne,ne,ne,ne,ne,ne,ne,ne,ne,ne,ne,ne,ne,ne,ne,ne,ne,da,ne,ne,ne,ne,ne,ne,ne
18/05/2019,13.5,17.5,9.5,4,0.8,97,82,974,0,0,0,0.2,ne,ne,da,ne,da,ne,ne,ne,ne,ne,ne,ne,ne,ne,ne,ne,ne,ne,ne,ne,ne,ne,da,ne,ne,da,ne,ne,ne,ne,ne,ne,ne
19/05/2019,13.8,19,11.9,11,0.3,83,85,970,3.2,0,0,2.9,ne,ne,da,ne,da,ne,ne,ne,ne,ne,ne,ne,ne,ne,ne,ne,ne,ne,ne,ne,ne,ne,da,ne,ne,ne,ne,ne,ne,ne,ne,da,ne
20/05/2019,13.8,16.7,11.3,8.5,3,93,80,971,1.2,0,0,0.8,da,ne,ne,ne,da,ne,ne,ne,ne,ne,ne,ne,ne,ne,ne,ne,ne,ne,ne,ne,ne,ne,da,ne,ne,ne,ne,ne,ne,ne,ne,da,ne
21/05/2019,14,16,11.4,10,2,100,84,975,3.7,0,0,0,ne,ne,da,ne,ne,ne,ne,ne,ne,ne,ne,ne,ne,ne,ne,ne,ne,ne,ne,ne,ne,ne,ne,ne,ne,ne,ne,ne,ne,ne,ne,da,ne
22/05/2019,15.1,21.7,11.4,7.2,1.7,77,82,979,0.4,0,0,3.1,da,ne,da,ne,da,da,ne,ne,ne,ne,ne,ne,ne,ne,ne,ne,ne,ne,ne,ne,ne,ne,ne,ne,ne,da,ne,ne,ne,ne,ne,da,ne
23/05/2019,17.2,23.5,10.6,9.4,1.4,80,73,980,7.3,0,0,6.5,ne,ne,ne,ne,ne,ne,ne,ne,ne,ne,ne,ne,ne,ne,ne,ne,ne,ne,ne,da,ne,ne,da,ne,ne,ne,ne,ne,ne,ne,ne,da,ne
24/05/2019,19.7,25.7,12.6,7.5,1.5,27,57,979,0,0,0,13.5,ne,ne,ne,ne,ne,ne,ne,ne,ne,ne,ne,ne,ne,ne,ne,ne,ne,ne,ne,ne,ne,ne,ne,ne,ne,da,ne,ne,ne,ne,ne,ne,ne
25/05/2019,16.6,25,12.3,8.3,2,53,74,980,0,0,0,8.3,da,ne,ne,ne,da,da,ne,ne,ne,ne,ne,ne,ne,ne,ne,ne,ne,ne,ne,ne,ne,ne,ne,ne,ne,da,ne,ne,ne,ne,ne,ne,ne
26/05/2019,17.8,25,12.5,10.5,0.7,83,77,980,5.7,0,0,4.4,da,ne,ne,ne,ne,ne,ne,ne,ne,ne,ne,ne,ne,ne,ne,ne,ne,ne,ne,da,ne,ne,da,ne,ne,da,ne,ne,ne,ne,ne,da,ne
27/05/2019,14.7,16.8,14.3,13.4,0.8,100,90,976,2.7,0,0,0,ne,ne,da,ne,ne,ne,ne,ne,ne,ne,ne,ne,ne,ne,ne,ne,ne,ne,ne,ne,ne,ne,da,ne,ne,ne,ne,ne,ne,ne,ne,da,ne
28/05/2019,15.5,19,13.5,13,1.4,100,90,971,15.3,0,0,1,ne,ne,da,ne,da,da,ne,da,ne,ne,ne,ne,ne,ne,ne,ne,ne,ne,ne,ne,ne,ne,da,ne,ne,ne,ne,ne,ne,ne,ne,da,ne
29/05/2019,11.7,14.7,10,11,1.4,100,91,979,75.6,0,0,0,ne,ne,da,ne,ne,ne,ne,ne,ne,ne,ne,ne,ne,ne,ne,ne,ne,ne,ne,ne,ne,ne,da,ne,ne,ne,ne,ne,ne,ne,ne,da,ne
30/05/2019,13.2,16.2,10,9.4,0.6,97,81,988,16.5,0,0,0.1,ne,ne,da,ne,da,ne,ne,ne,ne,ne,ne,ne,ne,ne,ne,ne,ne,ne,ne,ne,ne,ne,ne,ne,ne,ne,ne,ne,ne,ne,ne,da,ne
31/05/2019,16.8,22.5,10.6,9.6,0.7,67,65,988,1.7,0,0,6.3,ne,ne,ne,ne,ne,ne,ne,ne,ne,ne,ne,ne,ne,ne,ne,ne,ne,ne,ne,ne,ne,ne,ne,ne,ne,da,ne,ne,ne,ne,ne,da,ne
01/06/2019,19.6,26.1,9.7,6,0.6,50,65,985,0,0,0,10.2,ne,ne,ne,ne,da,ne,ne,ne,ne,ne,ne,ne,ne,ne,ne,ne,ne,ne,ne,ne,ne,ne,ne,ne,ne,da,ne,ne,ne,ne,ne,ne,ne
02/06/2019,21.1,26.9,14.7,11.5,2.7,53,64,984,0,0,0,11.2,ne,ne,ne,ne,da,ne,da,ne,ne,ne,ne,ne,ne,ne,ne,ne,ne,ne,ne,ne,ne,ne,ne,ne,ne,da,ne,ne,ne,ne,ne,da,ne
03/06/2019,21.3,28.5,13.5,9.1,0.7,30,70,981,0.5,0,0,12.2,ne,ne,ne,ne,da,ne,da,ne,ne,ne,ne,ne,ne,ne,ne,ne,ne,ne,ne,ne,ne,ne,ne,ne,ne,da,ne,ne,ne,ne,ne,da,ne
04/06/2019,22.8,29.6,14.7,12,1,27,67,978,1.5,0,0,11.5,ne,ne,ne,ne,da,ne,ne,ne,ne,ne,ne,ne,ne,ne,ne,ne,ne,ne,ne,ne,ne,ne,ne,ne,ne,da,ne,ne,ne,ne,ne,da,ne
05/06/2019,22,27,15.6,12,3.3,23,70,976,0,0,0,12,da,ne,ne,ne,ne,ne,ne,ne,ne,ne,ne,ne,ne,ne,ne,ne,ne,ne,ne,ne,ne,ne,ne,ne,ne,da,ne,ne,ne,ne,ne,da,ne
06/06/2019,21.8,26.5,18,15,4.1,47,64,978,0,0,0,10.8,da,ne,ne,ne,ne,ne,ne,ne,ne,ne,ne,ne,ne,ne,ne,ne,ne,ne,ne,ne,ne,ne,ne,ne,ne,da,ne,ne,ne,ne,ne,ne,ne
07/06/2019,22,26.5,17,13,3,17,58,982,0,0,0,14.4,da,ne,ne,ne,ne,ne,ne,ne,ne,ne,ne,ne,ne,ne,ne,ne,ne,ne,ne,ne,ne,ne,ne,ne,ne,da,ne,ne,ne,ne,ne,ne,ne
08/06/2019,24.3,30.2,15.3,13,1.6,37,54,985,0,0,0,13.6,ne,ne,ne,ne,ne,ne,ne,ne,ne,ne,ne,ne,ne,ne,ne,ne,ne,ne,ne,ne,ne,ne,ne,ne,ne,da,ne,ne,ne,ne,ne,ne,ne
09/06/2019,24.3,29.2,17.4,12,0.9,37,55,987,0,0,0,13.3,ne,ne,ne,ne,ne,ne,ne,ne,ne,ne,ne,ne,ne,ne,ne,ne,ne,ne,ne,ne,ne,ne,ne,ne,ne,da,ne,ne,ne,ne,ne,ne,ne
10/06/2019,23.9,31,17.8,13.2,1.1,53,74,980,0,0,0,9.2,ne,ne,ne,ne,da,da,da,ne,ne,ne,ne,ne,ne,ne,ne,ne,ne,ne,ne,ne,ne,ne,ne,ne,ne,da,ne,ne,ne,ne,ne,ne,ne
11/06/2019,22.3,30,18.6,17.2,1.6,70,83,978,0,0,0,6.3,ne,ne,ne,ne,da,da,ne,ne,ne,ne,ne,ne,ne,ne,ne,ne,ne,da,ne,ne,ne,ne,ne,ne,ne,da,ne,ne,ne,ne,ne,da,ne
12/06/2019,25,31,17,13.6,1.3,37,66,977,7.3,0,0,13.2,ne,ne,ne,ne,ne,ne,da,ne,ne,ne,ne,ne,ne,ne,ne,ne,ne,ne,ne,ne,ne,ne,ne,ne,ne,ne,ne,ne,ne,ne,ne,da,ne
13/06/2019,24.3,29.7,17.6,13.1,2,10,51,980,0,0,0,13.9,ne,ne,ne,ne,ne,ne,ne,ne,ne,ne,ne,ne,ne,ne,ne,ne,ne,ne,ne,ne,ne,ne,ne,ne,ne,da,ne,ne,ne,ne,ne,ne,ne
14/06/2019,26,33.6,15.2,9,0.5,27,51,984,0,0,0,14.2,ne,ne,ne,ne,ne,ne,ne,ne,ne,ne,ne,ne,ne,ne,ne,ne,ne,ne,ne,ne,ne,ne,ne,ne,ne,da,ne,ne,ne,ne,ne,ne,ne
15/06/2019,25.5,31.8,18.6,14,0.3,53,67,979,0,0,0,7.8,ne,ne,ne,ne,da,ne,ne,ne,ne,ne,ne,ne,ne,ne,ne,ne,ne,ne,ne,ne,ne,ne,ne,ne,ne,da,ne,ne,ne,ne,ne,ne,ne
16/06/2019,24.6,32.2,17.9,11.5,1.4,43,64,980,0,0,0,11.1,da,ne,ne,ne,da,da,da,da,ne,ne,ne,ne,ne,ne,ne,ne,ne,ne,ne,ne,ne,ne,ne,ne,ne,da,ne,ne,ne,ne,ne,da,ne
17/06/2019,22.4,26.4,19,15,1.9,80,71,983,0.1,0,0,7.6,ne,ne,ne,ne,ne,ne,ne,ne,ne,ne,ne,ne,ne,ne,ne,ne,ne,ne,ne,ne,ne,ne,ne,ne,ne,da,ne,ne,ne,ne,ne,da,ne
18/06/2019,22.5,27.5,17.8,14,2,60,75,981,0.1,0,0,8.8,ne,ne,ne,ne,da,ne,da,ne,ne,ne,ne,ne,ne,ne,ne,ne,ne,ne,ne,ne,ne,ne,ne,ne,ne,da,ne,ne,ne,ne,ne,da,ne
19/06/2019,21.3,28.5,16.7,12,1.5,53,78,979,0,0,0,6.1,ne,ne,ne,ne,da,da,da,ne,ne,ne,ne,ne,ne,ne,ne,ne,ne,ne,ne,ne,ne,ne,da,ne,ne,da,ne,ne,ne,ne,ne,ne,ne
20/06/2019,22.3,31,16.1,12.2,0.9,40,71,978,2.5,0,0,11.9,da,ne,ne,ne,da,da,da,ne,ne,ne,ne,ne,ne,ne,ne,ne,ne,ne,ne,ne,ne,ne,ne,ne,ne,da,ne,ne,ne,ne,ne,da,ne
21/06/2019,22.6,29.7,15.6,13.6,1.6,47,71,982,0,0,0,9.7,ne,ne,ne,ne,da,ne,ne,ne,ne,ne,ne,ne,ne,ne,ne,ne,ne,ne,ne,ne,ne,ne,da,ne,ne,da,ne,ne,ne,ne,ne,da,ne
22/06/2019,20.2,23.8,17.7,15.8,1,83,85,982,0.4,0,0,2.8,ne,ne,da,ne,da,da,ne,ne,ne,ne,ne,ne,ne,ne,ne,ne,ne,ne,ne,ne,ne,ne,da,ne,ne,ne,ne,ne,ne,ne,ne,da,ne
23/06/2019,21.2,25.7,18,17,0.6,73,80,981,32.7,0,0,3.2,ne,ne,da,ne,da,ne,ne,ne,ne,ne,ne,ne,ne,ne,ne,ne,ne,ne,ne,ne,ne,ne,da,ne,ne,ne,ne,ne,ne,ne,ne,da,ne
24/06/2019,24.5,29,18,14.7,0.5,40,69,986,1.3,0,0,12.6,ne,ne,ne,ne,ne,ne,ne,ne,ne,ne,ne,ne,ne,ne,ne,ne,ne,ne,ne,ne,ne,ne,ne,ne,ne,da,ne,ne,ne,ne,ne,da,ne
25/06/2019,25.5,30.6,18.5,14.8,0.8,20,68,989,0,0,0,13.7,ne,ne,ne,ne,ne,ne,ne,ne,ne,ne,ne,ne,ne,ne,ne,ne,ne,ne,ne,ne,ne,ne,ne,ne,ne,da,ne,ne,ne,ne,ne,ne,ne
26/06/2019,27,32.8,19.7,16,1,3,64,989,0,0,0,14.3,ne,ne,ne,ne,ne,ne,ne,ne,ne,ne,ne,ne,ne,ne,ne,ne,ne,ne,ne,ne,ne,ne,ne,ne,ne,da,ne,ne,ne,ne,ne,ne,ne
27/06/2019,29.1,36.5,20.5,17,0.7,13,60,983,0,0,0,13.8,ne,ne,ne,ne,ne,ne,ne,ne,ne,ne,ne,ne,ne,ne,ne,ne,ne,ne,ne,ne,ne,ne,ne,ne,ne,da,ne,ne,ne,ne,ne,ne,ne
28/06/2019,25.6,29.7,23,18.9,1.9,17,44,985,0,0,0,14.2,ne,ne,ne,ne,ne,ne,ne,ne,ne,ne,ne,ne,ne,ne,ne,ne,ne,ne,ne,ne,ne,ne,ne,ne,ne,ne,ne,ne,ne,ne,ne,ne,ne
29/06/2019,24,29.1,16.7,11.5,1.5,7,57,986,0,0,0,14.5,ne,ne,ne,ne,ne,ne,ne,ne,ne,ne,ne,ne,ne,ne,ne,ne,ne,ne,ne,ne,ne,ne,ne,ne,ne,da,ne,ne,ne,ne,ne,ne,ne
30/06/2019,25.9,32.2,15.3,10.3,0.7,23,57,986,0,0,0,14.2,ne,ne,ne,ne,ne,ne,ne,ne,ne,ne,ne,ne,ne,ne,ne,ne,ne,ne,ne,ne,ne,ne,ne,ne,ne,da,ne,ne,ne,ne,ne,ne,ne
01/07/2019,27.4,34.9,17.5,12.2,1.8,27,49,982,0,0,0,14.2,ne,ne,ne,ne,ne,ne,ne,ne,ne,ne,ne,ne,ne,ne,ne,ne,ne,ne,ne,ne,ne,ne,ne,ne,ne,da,ne,ne,ne,ne,ne,ne,ne
02/07/2019,23,32.5,17.8,13.3,1.1,40,66,982,0,0,0,10.1,da,da,ne,ne,da,da,ne,ne,ne,ne,ne,ne,ne,ne,ne,ne,ne,ne,ne,ne,ne,ne,ne,ne,ne,da,ne,ne,ne,ne,ne,ne,ne
03/07/2019,21.2,29.2,17.7,16,1.2,73,73,984,32.4,0,0,8.5,da,ne,ne,ne,da,da,da,ne,ne,ne,ne,ne,ne,ne,ne,ne,ne,ne,ne,ne,ne,ne,da,ne,ne,da,ne,ne,ne,ne,ne,da,ne
04/07/2019,21.1,25,17.8,16.4,0.4,60,73,986,3.6,0,0,5.7,ne,ne,ne,ne,ne,ne,ne,ne,ne,ne,ne,ne,ne,ne,ne,ne,ne,ne,ne,ne,ne,ne,ne,ne,ne,da,ne,ne,ne,ne,ne,da,ne
05/07/2019,24.5,31.2,14.8,12,1.3,37,66,981,0,0,0,11.5,ne,ne,ne,ne,ne,ne,ne,ne,ne,ne,ne,ne,ne,ne,ne,ne,ne,ne,ne,ne,ne,ne,da,ne,ne,da,ne,ne,ne,ne,ne,ne,ne
06/07/2019,26.6,31.7,18.9,15,2.5,40,68,977,0,0,0,12.1,da,ne,da,ne,ne,ne,ne,da,ne,ne,ne,ne,ne,ne,ne,ne,ne,ne,ne,ne,ne,ne,ne,ne,ne,da,ne,ne,ne,ne,ne,ne,ne
07/07/2019,21.8,29.7,17.5,15.7,2.3,80,77,975,1.3,0,0,7.3,da,da,da,ne,da,da,da,ne,ne,ne,ne,ne,ne,ne,ne,ne,ne,ne,ne,ne,ne,ne,ne,ne,ne,da,ne,ne,ne,ne,ne,da,ne
08/07/2019,19,24.4,16.4,13,2.1,87,84,980,10.9,0,0,4.5,ne,ne,ne,ne,da,da,ne,ne,ne,ne,ne,ne,ne,ne,ne,ne,ne,ne,ne,ne,ne,ne,da,ne,ne,da,ne,ne,ne,ne,ne,da,ne
09/07/2019,18.7,21.2,16.3,14.2,0.7,100,85,980,24.2,0,0,1.7,ne,ne,da,ne,da,ne,ne,ne,ne,ne,ne,ne,ne,ne,ne,ne,ne,ne,ne,ne,ne,ne,da,ne,ne,ne,ne,ne,ne,ne,ne,da,ne
10/07/2019,18.5,22.5,16.1,15.2,2.5,53,64,980,2.2,0,0,11.3,ne,ne,ne,ne,ne,ne,ne,ne,ne,ne,ne,ne,ne,ne,ne,ne,ne,ne,ne,ne,ne,ne,ne,ne,ne,da,ne,ne,ne,ne,ne,da,ne
11/07/2019,20,25,11.4,7.6,1.3,80,64,980,0,0,0,9.3,ne,ne,ne,ne,ne,ne,ne,ne,ne,ne,ne,ne,ne,ne,ne,ne,ne,ne,ne,ne,ne,ne,ne,ne,ne,da,ne,ne,ne,ne,ne,ne,ne
12/07/2019,20.1,26.2,16.5,15.5,1.2,80,69,978,0.7,0,0,6.7,ne,ne,da,ne,da,ne,ne,ne,ne,ne,ne,ne,ne,ne,ne,ne,ne,ne,ne,ne,ne,ne,da,ne,ne,ne,ne,ne,ne,ne,ne,da,ne
13/07/2019,20,25.4,15.4,13,1.9,63,72,977,0,0,0,8.6,da,ne,ne,ne,da,ne,ne,ne,ne,ne,ne,ne,ne,ne,ne,ne,ne,ne,ne,ne,ne,ne,ne,ne,ne,da,ne,ne,ne,ne,ne,da,ne
14/07/2019,19.3,26,13.1,10,1.1,47,68,978,0,0,0,10.5,ne,ne,ne,ne,da,ne,ne,ne,ne,ne,ne,ne,ne,ne,ne,ne,ne,ne,ne,ne,ne,ne,da,ne,ne,da,ne,ne,ne,ne,ne,da,ne
15/07/2019,20.1,24.9,15.4,12.1,0.7,60,65,979,0.1,0,0,9.2,ne,ne,ne,ne,ne,ne,ne,ne,ne,ne,ne,ne,ne,ne,ne,ne,ne,ne,ne,ne,ne,ne,ne,ne,ne,da,ne,ne,ne,ne,ne,da,ne
16/07/2019,21.1,27.2,12.8,8,0.6,20,58,980,0,0,0,14.1,ne,ne,ne,ne,ne,ne,ne,ne,ne,ne,ne,ne,ne,ne,ne,ne,ne,ne,ne,ne,ne,ne,ne,ne,ne,da,ne,ne,ne,ne,ne,ne,ne
17/07/2019,22.8,29.2,13.5,8.5,2.2,57,54,978,0,0,0,13,ne,ne,ne,ne,ne,ne,ne,da,ne,ne,ne,ne,ne,ne,ne,ne,ne,ne,ne,ne,ne,ne,ne,ne,ne,da,ne,ne,ne,ne,ne,ne,ne
18/07/2019,21.4,28.1,16.6,15.6,0.8,73,66,979,1.8,0,0,5.8,ne,ne,ne,ne,da,da,ne,ne,ne,ne,ne,ne,ne,ne,ne,ne,ne,ne,ne,ne,ne,ne,ne,ne,ne,ne,ne,ne,ne,ne,ne,da,ne
19/07/2019,23.2,30.5,16.2,13,1.5,40,61,982,0.1,0,0,13,ne,ne,ne,ne,ne,ne,ne,ne,ne,ne,ne,ne,ne,ne,ne,ne,ne,ne,ne,ne,ne,ne,ne,ne,ne,da,ne,ne,ne,ne,ne,da,ne
20/07/2019,24.9,31,14.5,11.4,2.4,13,59,983,0,0,0,13.7,ne,ne,ne,ne,ne,ne,ne,ne,ne,ne,ne,ne,ne,ne,ne,ne,ne,ne,ne,ne,ne,ne,ne,ne,ne,da,ne,ne,ne,ne,ne,ne,ne
21/07/2019,24,32.5,19.1,14.4,1.6,57,68,985,0,0,0,7.9,ne,ne,ne,ne,da,da,ne,ne,ne,ne,ne,ne,ne,ne,ne,ne,ne,da,ne,ne,ne,ne,ne,ne,ne,da,ne,ne,ne,ne,ne,ne,ne
22/07/2019,25.2,30.5,19,15.5,1.1,50,70,988,12.7,0,0,9.8,ne,ne,ne,ne,ne,ne,ne,ne,ne,ne,ne,ne,ne,ne,ne,ne,ne,ne,ne,ne,ne,ne,da,ne,ne,da,ne,ne,ne,ne,ne,da,ne
23/07/2019,27,32.6,18.7,14.6,0.8,10,64,985,0,0,0,14,ne,ne,ne,ne,ne,ne,ne,ne,ne,ne,ne,ne,ne,ne,ne,ne,ne,ne,ne,ne,ne,ne,ne,ne,ne,da,ne,ne,ne,ne,ne,ne,ne
24/07/2019,28.1,35.1,19.8,15.1,0.8,30,62,982,0,0,0,12.1,ne,ne,ne,ne,ne,ne,ne,ne,ne,ne,ne,ne,ne,ne,ne,ne,ne,ne,ne,ne,ne,ne,ne,ne,ne,da,ne,ne,ne,ne,ne,ne,ne
25/07/2019,28.3,34.6,21.8,17.6,1.2,27,64,982,0,0,0,10.2,ne,ne,ne,ne,ne,ne,ne,ne,ne,ne,ne,ne,ne,ne,ne,ne,ne,ne,ne,ne,ne,ne,ne,ne,ne,da,ne,ne,ne,ne,ne,ne,ne
26/07/2019,27.8,35,22.1,18.6,2.7,57,59,975,0,0,0,11.8,da,ne,ne,ne,ne,ne,ne,da,ne,ne,ne,ne,ne,ne,ne,ne,ne,ne,ne,ne,ne,ne,ne,ne,ne,da,ne,ne,ne,ne,ne,ne,ne
27/07/2019,25.2,31.5,20.6,17.9,2.2,80,65,970,0.4,0,0,7,ne,ne,ne,ne,da,ne,ne,da,ne,ne,ne,ne,ne,ne,ne,ne,ne,ne,ne,ne,ne,ne,ne,ne,ne,ne,ne,ne,ne,ne,ne,da,ne
28/07/2019,18.4,23.6,17.6,16,1,90,92,966,10.8,0,0,0,ne,ne,da,ne,ne,ne,ne,ne,ne,ne,ne,ne,ne,ne,ne,ne,ne,ne,ne,ne,ne,ne,da,ne,ne,ne,ne,ne,ne,ne,ne,da,ne
29/07/2019,22.1,26.6,17.5,17.5,0.6,63,82,973,40.5,0,0,4.4,ne,ne,da,ne,ne,ne,ne,ne,ne,ne,ne,ne,ne,ne,ne,ne,ne,ne,ne,ne,ne,ne,da,ne,ne,da,ne,ne,ne,ne,ne,da,ne
30/07/2019,24.6,31,18.1,15.7,1,57,72,977,0.1,0,0,6.6,ne,ne,ne,ne,ne,ne,ne,ne,ne,ne,ne,ne,ne,ne,ne,ne,ne,ne,ne,da,ne,ne,da,ne,ne,da,ne,ne,ne,ne,ne,da,ne
31/07/2019,24.4,30.5,20,17.7,1.5,37,70,979,0,0,0,7.8,ne,ne,ne,ne,da,ne,ne,da,ne,ne,ne,ne,ne,ne,ne,ne,ne,ne,ne,ne,ne,ne,ne,ne,ne,da,ne,ne,ne,ne,ne,ne,ne
01/08/2019,24.5,29,20,17.1,1.6,47,67,981,0.3,0,0,10.9,ne,ne,ne,ne,ne,ne,ne,ne,ne,ne,ne,ne,ne,ne,ne,ne,ne,ne,ne,ne,ne,ne,ne,ne,ne,da,ne,ne,ne,ne,ne,da,ne
02/08/2019,19.6,24.3,17.3,17.6,1.9,80,87,978,0,0,0,3.5,da,da,ne,ne,da,da,da,ne,ne,ne,ne,ne,ne,ne,ne,ne,ne,ne,ne,ne,ne,ne,da,ne,ne,ne,ne,ne,ne,ne,ne,da,ne
03/08/2019,19.8,27,15.3,12.6,0.7,67,78,979,63.4,0,0,7.5,ne,ne,ne,ne,da,da,ne,ne,ne,ne,ne,ne,ne,ne,ne,ne,ne,ne,ne,da,da,ne,da,ne,ne,ne,ne,ne,ne,ne,ne,da,ne
04/08/2019,21,27.5,15.1,12.3,1.3,57,72,982,6.1,0,0,11.3,ne,ne,ne,ne,ne,ne,ne,ne,ne,ne,ne,ne,ne,ne,ne,ne,ne,ne,ne,ne,ne,ne,da,ne,ne,da,ne,ne,ne,ne,ne,da,ne
05/08/2019,23.5,29.1,15.6,12,1.7,37,66,981,0,0,0,11.9,ne,ne,ne,ne,ne,ne,ne,ne,ne,ne,ne,ne,ne,ne,ne,ne,ne,ne,ne,ne,ne,ne,ne,ne,ne,da,ne,ne,ne,ne,ne,ne,ne
06/08/2019,23.4,30.2,17.5,14.5,1.5,67,69,980,0,0,0,9.1,ne,ne,ne,ne,ne,ne,ne,ne,ne,ne,ne,ne,ne,ne,ne,ne,ne,ne,ne,ne,ne,ne,ne,ne,ne,da,ne,ne,ne,ne,ne,ne,ne
07/08/2019,25,30,19.3,16.5,1.4,60,71,977,1.7,0,0,9.9,ne,ne,da,ne,da,ne,ne,ne,ne,ne,ne,ne,ne,ne,ne,ne,ne,ne,ne,ne,ne,ne,da,ne,ne,da,ne,ne,ne,ne,ne,da,ne
08/08/2019,20.8,24.9,20.4,17.5,1.3,87,85,979,0,0,0,0.6,ne,ne,da,ne,da,da,ne,ne,ne,ne,ne,ne,ne,ne,ne,ne,ne,ne,ne,ne,ne,ne,ne,ne,ne,ne,ne,ne,ne,ne,ne,da,ne
09/08/2019,24.9,31.1,18.2,15,0.9,43,74,981,1.9,0,0,10.9,ne,ne,ne,ne,ne,ne,ne,ne,ne,ne,ne,ne,ne,ne,ne,ne,ne,ne,ne,da,ne,ne,da,ne,ne,da,ne,ne,ne,ne,ne,da,ne
10/08/2019,26.4,32.2,19,15,2.4,57,72,980,0,0,0,11,ne,ne,ne,ne,ne,ne,ne,ne,ne,ne,ne,ne,ne,ne,ne,ne,ne,ne,ne,da,da,ne,da,ne,ne,da,ne,ne,ne,ne,ne,ne,ne
11/08/2019,24.7,28.7,22.1,19,0.9,40,71,983,0,0,0,7.2,ne,ne,ne,ne,ne,ne,ne,ne,ne,ne,ne,ne,ne,ne,ne,ne,ne,ne,ne,ne,ne,ne,ne,ne,ne,da,ne,ne,ne,ne,ne,ne,ne
12/08/2019,26.7,34.1,18.5,15.1,0.6,30,67,979,0,0,0,11.2,ne,ne,ne,ne,da,ne,ne,ne,ne,ne,ne,ne,ne,ne,ne,ne,ne,ne,ne,ne,ne,ne,ne,ne,ne,da,ne,ne,ne,ne,ne,ne,ne
13/08/2019,21.7,26.7,19,17.1,4.6,90,77,980,0,0,0,0.1,ne,ne,ne,ne,da,ne,da,ne,ne,ne,ne,ne,ne,ne,ne,ne,ne,ne,ne,ne,ne,ne,ne,ne,ne,da,ne,ne,ne,ne,ne,da,ne
14/08/2019,18.7,22.6,15.9,14,0.9,70,73,982,14,0,0,2.5,ne,ne,da,ne,ne,ne,ne,ne,ne,ne,ne,ne,ne,ne,ne,ne,ne,ne,ne,ne,ne,ne,ne,ne,ne,ne,ne,ne,ne,ne,ne,da,ne
15/08/2019,19.7,25.7,12,8.4,0.9,57,67,982,0.1,0,0,12.2,ne,ne,ne,ne,ne,ne,ne,ne,ne,ne,ne,ne,ne,ne,ne,ne,ne,ne,ne,ne,da,ne,da,ne,ne,da,ne,ne,ne,ne,ne,da,ne
16/08/2019,19.4,25,15.3,16,0.8,60,71,983,1.3,0,0,7.4,ne,ne,da,ne,ne,ne,ne,ne,ne,ne,ne,ne,ne,ne,ne,ne,ne,ne,ne,ne,ne,ne,ne,ne,ne,ne,ne,ne,ne,ne,ne,da,ne
17/08/2019,21,28.2,12.8,9.4,1.3,57,67,982,0.3,0,0,8.9,ne,ne,ne,ne,ne,ne,ne,ne,ne,ne,ne,ne,ne,ne,ne,ne,ne,ne,ne,da,ne,ne,da,ne,ne,da,ne,ne,ne,ne,ne,da,ne
18/08/2019,23,29.4,14.8,11,2.2,17,66,981,0,0,0,13.1,ne,ne,ne,ne,ne,ne,ne,ne,ne,ne,ne,ne,ne,ne,ne,ne,ne,ne,ne,ne,ne,ne,ne,ne,ne,da,ne,ne,ne,ne,ne,ne,ne
19/08/2019,24.7,31.5,16.6,11.3,2.2,13,63,982,0,0,0,13.1,ne,ne,ne,ne,ne,ne,ne,ne,ne,ne,ne,ne,ne,ne,ne,ne,ne,ne,ne,ne,ne,ne,ne,ne,ne,da,ne,ne,ne,ne,ne,ne,ne
20/08/2019,25.2,31.5,17.5,13.6,0.7,7,69,984,0,0,0,12.7,ne,ne,ne,ne,ne,ne,ne,ne,ne,ne,ne,ne,ne,ne,ne,ne,ne,ne,ne,ne,ne,ne,ne,ne,ne,da,ne,ne,ne,ne,ne,ne,ne
21/08/2019,22,25.7,20.3,17,2.5,50,73,988,0,0,0,3.6,ne,ne,ne,ne,da,ne,ne,ne,ne,ne,ne,ne,ne,ne,ne,ne,ne,ne,ne,ne,ne,ne,ne,ne,ne,da,ne,ne,ne,ne,ne,ne,ne
22/08/2019,20.4,24.3,17.2,17.1,1.6,83,70,989,0.2,0,0,4.5,ne,ne,ne,ne,ne,ne,ne,ne,ne,ne,ne,ne,ne,ne,ne,ne,ne,ne,ne,ne,ne,ne,ne,ne,ne,da,ne,ne,ne,ne,ne,da,ne
23/08/2019,21.9,24.1,18.6,15.3,1.1,100,77,989,0,0,0,0.1,ne,ne,ne,ne,ne,ne,ne,ne,ne,ne,ne,ne,ne,ne,ne,ne,ne,ne,ne,ne,ne,ne,ne,ne,ne,da,ne,ne,ne,ne,ne,ne,ne
24/08/2019,20.9,28.7,18,16,1.8,90,81,986,0,0,0,4.8,ne,ne,da,ne,ne,da,ne,ne,ne,ne,ne,ne,ne,ne,ne,ne,ne,ne,ne,ne,ne,ne,da,ne,ne,da,ne,ne,ne,ne,ne,ne,ne
25/08/2019,21.7,27.5,16.2,13,1.3,73,81,985,14.1,0,0,8.3,ne,ne,ne,ne,ne,ne,ne,ne,ne,ne,ne,ne,ne,ne,ne,ne,ne,ne,ne,da,ne,ne,da,ne,ne,da,ne,ne,ne,ne,ne,da,ne
26/08/2019,22.3,27.1,18.5,15.5,1.8,77,84,984,0,0,0,6.8,ne,ne,ne,ne,da,da,da,ne,ne,ne,ne,ne,ne,ne,ne,ne,ne,ne,ne,ne,ne,ne,da,ne,ne,da,ne,ne,ne,ne,ne,ne,ne
27/08/2019,23.4,29.7,18.2,15.5,0.4,37,78,985,8,0,0,8.4,ne,ne,ne,ne,ne,ne,ne,ne,ne,ne,ne,ne,ne,ne,ne,ne,ne,ne,ne,ne,ne,ne,da,ne,ne,ne,ne,ne,ne,ne,ne,da,ne
28/08/2019,23.7,29.5,18.6,16,0.5,83,79,984,0,0,0,6.7,ne,ne,ne,ne,ne,ne,ne,ne,ne,ne,ne,ne,ne,ne,ne,ne,ne,ne,ne,da,da,ne,da,ne,ne,da,ne,ne,ne,ne,ne,ne,ne
29/08/2019,23.3,30.5,19.6,17.1,0.4,83,75,984,0,0,0,6,ne,ne,ne,ne,da,ne,ne,ne,ne,ne,ne,ne,ne,ne,ne,ne,ne,ne,ne,ne,da,ne,da,ne,ne,da,ne,ne,ne,ne,ne,ne,ne
30/08/2019,23.4,28.6,19,17.4,0.4,60,75,986,0.9,0,0,5.1,ne,ne,ne,ne,da,da,ne,ne,ne,ne,ne,ne,ne,ne,ne,ne,ne,ne,ne,ne,ne,ne,ne,ne,ne,da,ne,ne,ne,ne,ne,da,ne
31/08/2019,24.1,31,17.7,15.6,0.7,20,72,983,0.1,0,0,9.7,ne,ne,ne,ne,ne,ne,ne,ne,ne,ne,ne,ne,ne,ne,ne,ne,ne,ne,ne,ne,da,ne,da,ne,ne,da,ne,ne,ne,ne,ne,da,ne
01/09/2019,23.4,31,18,14.3,0.8,60,69,978,0,0,0,6.4,ne,ne,ne,ne,ne,ne,ne,ne,ne,ne,ne,ne,ne,ne,ne,ne,ne,ne,ne,ne,da,ne,da,ne,ne,da,ne,ne,ne,ne,ne,ne,ne
02/09/2019,19.6,27.2,17,13.4,2.1,97,80,981,0,0,0,3.1,ne,ne,da,ne,ne,ne,da,ne,ne,ne,ne,ne,ne,ne,ne,ne,ne,ne,ne,ne,ne,ne,ne,ne,ne,da,ne,ne,ne,ne,ne,ne,ne
03/09/2019,17.6,22.5,15.4,14.7,0.9,47,79,988,18.7,0,0,7.4,ne,ne,da,ne,ne,ne,ne,ne,ne,ne,ne,ne,ne,ne,ne,ne,ne,ne,ne,ne,ne,ne,ne,ne,ne,ne,ne,ne,ne,ne,ne,da,ne
04/09/2019,17.1,24,10.2,7.8,0.7,13,71,985,0,0,0,11.5,ne,ne,ne,ne,ne,ne,ne,ne,ne,ne,ne,ne,ne,ne,ne,ne,ne,ne,ne,ne,da,ne,da,ne,ne,da,ne,ne,ne,ne,ne,ne,ne
05/09/2019,18.5,26,10.5,6.6,1.5,10,74,981,0,0,0,10.3,ne,ne,ne,ne,ne,ne,ne,ne,ne,ne,ne,ne,ne,ne,ne,ne,ne,ne,ne,ne,da,ne,da,ne,ne,da,ne,ne,ne,ne,ne,ne,ne
06/09/2019,16.1,18.7,14.6,12.7,0.8,97,80,984,0,0,0,0,ne,ne,da,ne,ne,ne,ne,ne,ne,ne,ne,ne,ne,ne,ne,ne,ne,ne,ne,ne,ne,ne,ne,ne,ne,ne,ne,ne,ne,ne,ne,ne,ne
07/09/2019,16.4,18.2,14.4,14,0.4,100,87,981,6.6,0,0,0,ne,ne,da,da,da,da,ne,ne,ne,ne,ne,ne,ne,ne,ne,ne,ne,ne,ne,ne,da,ne,da,ne,ne,ne,ne,ne,ne,ne,ne,da,ne
08/09/2019,14.8,16.6,13.5,12.6,1.5,93,91,980,24.3,0,0,0,ne,ne,da,ne,ne,da,da,ne,ne,ne,ne,ne,ne,ne,ne,ne,ne,ne,ne,ne,ne,ne,da,ne,ne,ne,ne,ne,ne,ne,ne,da,ne
09/09/2019,15.8,21.2,12.2,8.5,1.4,50,76,978,13.5,0,0,7.1,ne,ne,da,ne,ne,ne,ne,ne,ne,ne,ne,ne,ne,ne,ne,ne,ne,ne,ne,ne,ne,ne,da,ne,ne,da,ne,ne,ne,ne,ne,da,ne
10/09/2019,15.5,22.2,10.5,5.6,1.4,43,79,984,10.8,0,0,7.3,ne,ne,ne,ne,ne,ne,ne,ne,ne,ne,ne,ne,ne,ne,ne,ne,ne,ne,ne,da,ne,ne,da,ne,ne,da,ne,ne,ne,ne,ne,da,ne
11/09/2019,15.1,21.4,9.2,5,0.7,83,84,989,0,0,0,4.1,ne,ne,ne,ne,ne,ne,ne,ne,ne,ne,ne,ne,ne,ne,ne,ne,ne,ne,ne,da,ne,ne,da,ne,ne,da,ne,ne,ne,ne,ne,ne,ne
12/09/2019,18,25,12.4,8.2,1.1,47,77,994,0,0,0,8.9,ne,ne,ne,ne,ne,ne,ne,ne,ne,ne,ne,ne,ne,ne,ne,ne,ne,ne,ne,da,da,ne,da,ne,ne,da,ne,ne,ne,ne,ne,ne,ne
13/09/2019,18.5,25.9,12.5,8.5,0.4,40,75,995,0,0,0,9,ne,ne,ne,ne,ne,ne,ne,ne,ne,ne,ne,ne,ne,ne,ne,ne,ne,ne,ne,da,ne,ne,da,ne,ne,da,ne,ne,ne,ne,ne,ne,ne
14/09/2019,19.8,25.1,13,9.4,0.5,93,75,994,0,0,0,6.5,ne,ne,ne,ne,ne,ne,ne,ne,ne,ne,ne,ne,ne,ne,ne,ne,ne,ne,ne,da,da,ne,da,ne,ne,da,ne,ne,ne,ne,ne,ne,ne
15/09/2019,19.9,25.6,15.1,10,0.6,13,76,990,0,0,0,10.7,ne,ne,ne,ne,ne,ne,ne,ne,ne,ne,ne,ne,ne,ne,ne,ne,ne,ne,ne,ne,ne,ne,ne,ne,ne,da,ne,ne,ne,ne,ne,ne,ne
16/09/2019,20.8,28.4,14.5,10,1,40,76,983,0,0,0,8,ne,ne,ne,ne,ne,ne,ne,ne,ne,ne,ne,ne,ne,ne,ne,ne,ne,ne,ne,da,ne,ne,da,ne,ne,da,ne,ne,ne,ne,ne,ne,ne
17/09/2019,21.2,27,15.5,12,1.6,70,75,980,0,0,0,8.3,ne,ne,ne,ne,ne,ne,ne,ne,ne,ne,ne,ne,ne,ne,ne,ne,ne,ne,ne,ne,da,ne,da,ne,ne,da,ne,ne,ne,ne,ne,ne,ne
18/09/2019,14.2,20.8,12.7,14.2,1.5,97,82,986,11.3,0,0,0,ne,ne,da,da,da,ne,ne,ne,ne,ne,ne,ne,ne,ne,ne,ne,ne,ne,ne,ne,ne,ne,da,ne,ne,da,ne,ne,ne,ne,ne,da,ne
19/09/2019,13.4,19.1,11.6,10.5,1.8,60,66,989,0.5,0,0,9.1,ne,ne,ne,ne,ne,ne,ne,ne,ne,ne,ne,ne,ne,ne,ne,ne,ne,ne,ne,ne,ne,ne,ne,ne,ne,da,ne,ne,ne,ne,ne,da,ne
20/09/2019,11.7,17.6,6.7,1,1.4,17,64,992,0,0,0,10.9,ne,ne,ne,ne,ne,ne,ne,ne,ne,ne,ne,ne,ne,ne,ne,ne,ne,ne,ne,ne,ne,ne,ne,ne,ne,da,ne,ne,ne,ne,ne,ne,ne
21/09/2019,11.5,19.2,5.1,0.5,0.7,3,70,990,0,0,0,10.9,ne,ne,ne,ne,ne,ne,ne,ne,ne,ne,ne,ne,ne,ne,ne,ne,ne,ne,ne,ne,ne,ne,ne,ne,ne,da,ne,ne,ne,ne,ne,ne,ne
22/09/2019,13,19,5.9,2.3,1,87,74,983,0,0,0,2.2,ne,ne,da,ne,ne,ne,ne,ne,ne,ne,ne,ne,ne,ne,ne,ne,ne,ne,ne,ne,ne,ne,da,ne,ne,da,ne,ne,ne,ne,ne,ne,ne
23/09/2019,15.8,18.8,12.9,11.1,0.7,97,90,978,3,0,0,0.2,ne,ne,da,ne,da,ne,ne,ne,ne,ne,ne,ne,ne,ne,ne,ne,ne,ne,ne,ne,ne,ne,da,ne,ne,ne,ne,ne,ne,ne,ne,da,ne
24/09/2019,16.7,20.8,14.3,13.3,1,60,80,978,35.1,0,0,4.4,ne,ne,da,ne,ne,ne,ne,ne,ne,ne,ne,ne,ne,ne,ne,ne,ne,ne,ne,ne,ne,ne,da,ne,ne,da,ne,ne,ne,ne,ne,da,ne
25/09/2019,15,16.7,12.5,9.5,0.2,100,91,976,0,0,0,0,ne,ne,da,ne,ne,ne,ne,ne,ne,ne,ne,ne,ne,ne,ne,ne,ne,ne,ne,da,ne,ne,da,ne,ne,da,ne,ne,ne,ne,ne,ne,ne
26/09/2019,16.1,22.5,11.6,6.7,0,43,80,981,11.4,0,0,8.2,ne,ne,da,ne,ne,ne,ne,ne,ne,ne,ne,ne,ne,ne,ne,ne,ne,ne,ne,ne,da,ne,da,ne,ne,da,ne,ne,ne,ne,ne,da,ne
27/09/2019,17.1,24,11.2,7,1.3,87,74,982,0,0,0,5.8,ne,ne,ne,ne,ne,ne,ne,ne,ne,ne,ne,ne,ne,ne,ne,ne,ne,ne,ne,da,ne,ne,da,ne,ne,da,ne,ne,ne,ne,ne,ne,ne
28/09/2019,15.8,18.7,14.2,10.9,0.6,97,89,983,0,0,0,1.1,ne,ne,da,ne,ne,ne,ne,ne,ne,ne,ne,ne,ne,ne,ne,ne,ne,ne,ne,ne,da,ne,da,ne,ne,da,ne,ne,ne,ne,ne,ne,ne
29/09/2019,17.7,21.6,14,13.5,1.4,77,79,980,9.8,0,0,4.1,ne,ne,da,ne,ne,ne,ne,ne,ne,ne,ne,ne,ne,ne,ne,ne,ne,ne,ne,ne,ne,ne,ne,ne,ne,da,ne,ne,ne,ne,ne,da,ne
30/09/2019,18.5,23.5,16,11.1,2.3,37,75,976,0,0,0,7.3,ne,ne,ne,ne,ne,ne,ne,ne,ne,ne,ne,ne,ne,ne,ne,ne,ne,ne,ne,ne,ne,ne,ne,ne,ne,da,ne,ne,ne,ne,ne,ne,ne
01/10/2019,17.4,21.1,14.3,10.3,1.3,27,76,977,0,0,0,2.1,ne,ne,ne,ne,ne,ne,ne,ne,ne,ne,ne,ne,ne,ne,ne,ne,ne,ne,ne,ne,ne,ne,ne,ne,ne,da,ne,ne,ne,ne,ne,ne,ne
02/10/2019,13.8,21.5,12,9.3,0.2,70,86,971,1.5,0,0,2.7,ne,ne,ne,ne,da,da,da,ne,ne,ne,ne,ne,ne,ne,ne,ne,ne,ne,ne,ne,ne,ne,da,ne,ne,da,ne,ne,ne,ne,ne,da,ne
03/10/2019,10.6,14.5,8.5,7.9,1.2,60,77,979,25.1,0,0,2,ne,ne,da,ne,ne,ne,ne,ne,ne,ne,ne,ne,ne,ne,ne,ne,ne,ne,ne,ne,ne,ne,ne,ne,ne,da,ne,ne,ne,ne,ne,da,ne
04/10/2019,10.5,16,5.3,1.9,0.5,70,74,978,0,0,0,6.1,ne,ne,ne,ne,ne,ne,ne,ne,ne,ne,ne,ne,ne,ne,ne,ne,ne,ne,ne,ne,ne,ne,da,ne,ne,da,ne,ne,ne,ne,ne,da,ne
05/10/2019,13.2,19.3,8,5.4,1.3,60,74,975,0,0,0,7.3,ne,ne,da,ne,da,ne,ne,ne,ne,ne,ne,ne,ne,ne,ne,ne,ne,ne,ne,ne,ne,ne,ne,ne,ne,ne,ne,ne,ne,ne,ne,da,ne
06/10/2019,10.5,15.5,5.2,0,0.7,80,68,981,0.3,0,0,5.2,ne,ne,ne,ne,ne,ne,ne,ne,ne,ne,ne,ne,ne,ne,ne,ne,ne,ne,ne,ne,ne,ne,ne,ne,ne,da,ne,ne,ne,ne,ne,da,ne
07/10/2019,10.9,14.6,9,5.5,1.7,80,67,982,0,0,0,4.9,ne,ne,ne,ne,ne,ne,ne,ne,ne,ne,ne,ne,ne,ne,ne,ne,ne,ne,ne,ne,ne,ne,ne,ne,ne,da,ne,ne,ne,ne,ne,ne,ne
08/10/2019,10.1,16.5,4.6,0,0.8,43,71,985,0,0,0,9.2,ne,ne,ne,ne,ne,ne,ne,ne,ne,ne,ne,ne,ne,ne,ne,ne,ne,ne,ne,ne,ne,ne,da,ne,ne,da,ne,ne,ne,ne,ne,ne,ne
09/10/2019,13.6,16.7,6.6,2.5,2,93,76,981,0,0,0,1,ne,ne,da,ne,ne,ne,ne,ne,ne,ne,ne,ne,ne,ne,ne,ne,ne,ne,ne,ne,ne,ne,ne,ne,ne,da,ne,ne,ne,ne,ne,ne,ne
10/10/2019,13.2,15.5,11.6,10.7,1.3,87,84,983,18.6,0,0,1.1,ne,ne,da,ne,da,ne,ne,ne,ne,ne,ne,ne,ne,ne,ne,ne,ne,ne,ne,ne,ne,ne,da,ne,ne,ne,ne,ne,ne,ne,ne,da,ne
11/10/2019,12.2,18,9.2,4,0.8,40,82,989,3.4,0,0,7.6,ne,ne,ne,ne,ne,ne,ne,ne,ne,ne,ne,ne,ne,ne,ne,ne,ne,ne,ne,da,ne,ne,da,ne,ne,da,ne,ne,ne,ne,ne,da,ne
12/10/2019,14.3,19.7,7.3,4.3,2.9,50,72,988,0,0,0,7.6,da,ne,ne,ne,ne,ne,ne,ne,ne,ne,ne,ne,ne,ne,ne,ne,ne,ne,ne,da,da,ne,da,ne,ne,da,ne,ne,ne,ne,ne,ne,ne
13/10/2019,15,20.8,8.6,4,2.4,57,71,987,0,0,0,8.1,ne,ne,ne,ne,ne,ne,ne,ne,ne,ne,ne,ne,ne,ne,ne,ne,ne,ne,ne,ne,ne,ne,ne,ne,ne,da,ne,ne,ne,ne,ne,ne,ne
14/10/2019,15.5,21.2,10.2,6,2.6,63,71,985,0,0,0,8,ne,ne,ne,ne,ne,ne,ne,ne,ne,ne,ne,ne,ne,ne,ne,ne,ne,ne,ne,ne,ne,ne,da,ne,ne,da,ne,ne,ne,ne,ne,ne,ne
15/10/2019,14.2,18.7,9.7,6,1.2,63,79,980,0,0,0,2,ne,ne,ne,ne,da,ne,ne,ne,ne,ne,ne,ne,ne,ne,ne,ne,ne,ne,ne,ne,ne,ne,da,ne,ne,da,ne,ne,ne,ne,ne,ne,ne
16/10/2019,15.2,22,12.7,8.2,1.3,37,74,981,15.1,0,0,8,ne,ne,da,ne,ne,ne,ne,ne,ne,ne,ne,ne,ne,ne,ne,ne,ne,ne,ne,ne,da,ne,da,ne,ne,da,ne,ne,ne,ne,ne,da,ne
17/10/2019,15.3,21,11.4,5.3,2.7,53,71,984,0,0,0,7.5,ne,ne,ne,ne,ne,ne,ne,ne,ne,ne,ne,ne,ne,ne,ne,ne,ne,ne,ne,ne,ne,ne,da,ne,ne,da,ne,ne,ne,ne,ne,ne,ne
18/10/2019,14.8,18.2,10.2,5.5,2.8,67,73,982,0,0,0,2.7,ne,ne,ne,ne,da,ne,ne,ne,ne,ne,ne,ne,ne,ne,ne,ne,ne,ne,ne,ne,ne,ne,ne,ne,ne,da,ne,ne,ne,ne,ne,ne,ne
19/10/2019,15.9,20.9,12.1,9,1.4,70,72,982,0,0,0,4.1,ne,ne,da,ne,ne,ne,ne,ne,ne,ne,ne,ne,ne,ne,ne,ne,ne,ne,ne,ne,ne,ne,ne,ne,ne,da,ne,ne,ne,ne,ne,da,ne
20/10/2019,18,20.5,15.4,11.5,2.1,73,69,984,0,0,0,0.6,ne,ne,ne,ne,ne,ne,ne,ne,ne,ne,ne,ne,ne,ne,ne,ne,ne,ne,ne,ne,ne,ne,ne,ne,ne,ne,ne,ne,ne,ne,ne,da,ne
21/10/2019,17.4,23,13.5,8.9,1.2,50,70,987,0,0,0,3.4,ne,ne,ne,ne,ne,ne,ne,ne,ne,ne,ne,ne,ne,ne,ne,ne,ne,ne,ne,ne,ne,ne,ne,ne,ne,da,ne,ne,ne,ne,ne,ne,ne
22/10/2019,15.8,24.3,10.1,5,0.6,40,78,988,0,0,0,7.3,ne,ne,ne,ne,ne,ne,ne,ne,ne,ne,ne,ne,ne,ne,ne,ne,ne,ne,ne,da,da,ne,da,ne,ne,da,ne,ne,ne,ne,ne,ne,ne
23/10/2019,15.3,23.5,11.4,5.5,0.3,47,79,985,0,0,0,5.7,ne,ne,ne,ne,ne,ne,ne,ne,ne,ne,ne,ne,ne,ne,ne,ne,ne,ne,ne,da,ne,ne,da,ne,ne,da,ne,ne,ne,ne,ne,ne,ne
24/10/2019,14.5,23.5,10,3.8,0.5,43,77,982,0,0,0,5.5,ne,ne,ne,ne,ne,ne,ne,ne,ne,ne,ne,ne,ne,ne,ne,ne,ne,ne,ne,da,da,ne,da,ne,ne,da,ne,ne,ne,ne,ne,ne,ne
25/10/2019,13.3,20.9,7.6,2.3,1.1,50,76,987,0,0,0,6.7,ne,ne,ne,ne,ne,ne,ne,ne,ne,ne,ne,ne,ne,ne,ne,ne,ne,ne,ne,da,ne,ne,da,ne,ne,da,ne,ne,ne,ne,ne,ne,ne
26/10/2019,12.4,21,7.3,1.5,0.8,33,76,988,0,0,0,7,ne,ne,ne,ne,ne,ne,ne,ne,ne,ne,ne,ne,ne,ne,ne,ne,ne,ne,ne,da,da,ne,da,ne,ne,da,ne,ne,ne,ne,ne,ne,ne
27/10/2019,12.7,22.1,6,1.1,0.5,33,74,984,0,0,0,7.2,ne,ne,ne,ne,ne,ne,ne,ne,ne,ne,ne,ne,ne,ne,ne,ne,ne,ne,ne,da,da,ne,da,ne,ne,da,ne,ne,ne,ne,ne,ne,ne
28/10/2019,12.9,17,6.6,1.5,0.3,90,76,983,0,0,0,2,ne,ne,ne,ne,ne,ne,ne,ne,ne,ne,ne,ne,ne,ne,ne,ne,ne,ne,ne,ne,da,ne,da,ne,ne,da,ne,ne,ne,ne,ne,ne,ne
29/10/2019,8.4,14,8,8.1,1.6,100,86,984,4.5,0,0,0,ne,ne,da,ne,ne,ne,ne,ne,ne,ne,ne,ne,ne,ne,ne,ne,ne,ne,ne,ne,ne,ne,da,ne,ne,ne,ne,ne,ne,ne,ne,da,ne
30/10/2019,7.6,9.1,6.9,6.3,1.9,100,76,990,6.6,0,0,0,ne,ne,da,ne,ne,ne,ne,ne,ne,ne,ne,ne,ne,ne,ne,ne,ne,ne,ne,ne,ne,ne,ne,ne,ne,ne,ne,ne,ne,ne,ne,da,ne
31/10/2019,6.2,7.4,4.6,4.5,1.8,100,80,989,0.9,0,0,0,ne,ne,da,ne,ne,ne,ne,ne,ne,ne,ne,da,ne,ne,ne,ne,ne,ne,ne,ne,ne,ne,da,ne,ne,ne,ne,ne,ne,ne,ne,da,ne
01/11/2019,6.4,8,5.6,4.7,1.1,97,69,984,2.5,0,0,1.5,ne,ne,ne,ne,ne,ne,ne,ne,ne,ne,ne,ne,ne,ne,ne,ne,ne,ne,ne,ne,ne,ne,ne,ne,ne,da,ne,ne,ne,ne,ne,da,ne
02/11/2019,9.6,11.2,6,5.2,0.9,100,78,972,0,0,0,0,ne,ne,da,da,ne,ne,ne,ne,ne,ne,ne,ne,ne,ne,ne,ne,ne,ne,ne,ne,ne,ne,ne,ne,ne,ne,ne,ne,ne,ne,ne,ne,ne
03/11/2019,15,20.2,10.2,9.4,2.2,83,78,961,9.5,0,0,2.7,ne,ne,da,ne,ne,ne,ne,ne,ne,ne,ne,ne,ne,ne,ne,ne,ne,ne,ne,ne,ne,ne,da,ne,ne,ne,ne,ne,ne,ne,ne,da,ne
04/11/2019,13,15.5,11.3,11.5,1.3,77,79,964,6.9,0,0,1.8,ne,ne,da,ne,da,ne,ne,ne,ne,ne,ne,ne,ne,ne,ne,ne,ne,ne,ne,ne,ne,ne,ne,ne,ne,da,ne,ne,ne,ne,ne,da,ne
05/11/2019,12.1,18,9.9,6.5,0.7,100,88,963,10.2,0,0,1,da,ne,ne,ne,da,da,ne,ne,ne,ne,ne,ne,ne,ne,ne,ne,ne,ne,ne,ne,ne,ne,ne,ne,ne,ne,ne,ne,ne,ne,ne,da,ne
06/11/2019,10,13.5,9,6,0.9,87,86,969,23,0,0,0.9,ne,ne,da,da,da,ne,da,ne,ne,ne,ne,ne,ne,ne,ne,ne,ne,ne,ne,da,ne,ne,da,ne,ne,da,ne,ne,ne,ne,ne,da,ne
07/11/2019,9,14.5,7.5,4.5,0.6,50,81,973,9.4,0,0,3.6,ne,ne,da,ne,ne,ne,ne,ne,ne,ne,ne,ne,ne,ne,ne,ne,ne,ne,ne,ne,ne,ne,da,ne,ne,da,ne,ne,ne,ne,ne,da,ne
08/11/2019,8.1,10,4,-0.8,1.2,83,88,972,0.3,0,0,0,ne,ne,da,ne,da,ne,ne,ne,ne,ne,ne,ne,ne,ne,ne,ne,ne,ne,ne,da,ne,ne,da,ne,ne,da,ne,ne,ne,ne,ne,da,ne
09/11/2019,8,12,6.4,6.3,1.3,73,80,974,13.1,0,0,1.8,ne,ne,da,ne,ne,ne,ne,da,ne,ne,ne,ne,ne,ne,ne,ne,ne,ne,ne,ne,ne,ne,da,ne,ne,ne,ne,ne,ne,ne,ne,da,ne
10/11/2019,6.8,10.5,5.2,0.5,0.5,93,81,977,1,0,0,1.8,ne,ne,da,ne,ne,ne,ne,ne,ne,ne,ne,ne,ne,ne,ne,ne,ne,ne,ne,ne,ne,ne,ne,ne,ne,ne,ne,ne,ne,ne,ne,da,ne
11/11/2019,6.5,8,3.2,-1.8,0.5,97,86,980,0,0,0,0,ne,ne,da,ne,ne,ne,ne,ne,ne,ne,ne,ne,ne,ne,ne,ne,ne,ne,ne,ne,ne,ne,da,ne,ne,da,ne,ne,ne,ne,ne,da,ne
12/11/2019,7.7,8.2,6.5,6,1.1,100,91,969,7.6,0,0,0,ne,ne,da,ne,ne,ne,ne,ne,ne,ne,ne,ne,ne,ne,ne,ne,ne,ne,ne,ne,ne,ne,da,ne,ne,ne,ne,ne,ne,ne,ne,da,ne
13/11/2019,7,8.6,5.7,6.7,0.9,100,89,966,15.5,0,0,0,ne,ne,da,ne,ne,ne,ne,ne,ne,ne,ne,ne,ne,ne,ne,ne,ne,ne,ne,ne,ne,ne,da,ne,ne,ne,ne,ne,ne,ne,ne,da,ne
14/11/2019,6.8,7.8,5.2,4.8,1.2,100,85,976,17.6,0,0,0,ne,ne,ne,da,ne,ne,ne,ne,ne,ne,ne,ne,ne,ne,ne,ne,ne,ne,ne,ne,ne,ne,da,ne,ne,ne,ne,ne,ne,ne,ne,da,ne
15/11/2019,8.5,9.4,6.7,6,1.1,97,90,973,3,0,0,0,ne,ne,da,ne,ne,da,ne,ne,ne,ne,ne,ne,ne,ne,ne,ne,ne,ne,ne,ne,ne,ne,da,ne,ne,ne,ne,ne,ne,ne,ne,da,ne
16/11/2019,10.4,12.5,8.7,7,1.1,97,87,978,17.4,0,0,0.2,ne,ne,da,ne,ne,ne,ne,ne,ne,ne,ne,ne,ne,ne,ne,ne,ne,ne,ne,ne,ne,ne,da,ne,ne,ne,ne,ne,ne,ne,ne,da,ne
17/11/2019,12,15,9.3,8.7,1.8,87,81,973,3.1,0,0,1.7,ne,ne,da,ne,ne,ne,ne,ne,ne,ne,ne,ne,ne,ne,ne,ne,ne,ne,ne,ne,ne,ne,da,ne,ne,ne,ne,ne,ne,ne,ne,da,ne
18/11/2019,8.6,12,7.7,5.8,1.4,67,81,979,21,0,0,4.3,ne,ne,da,ne,da,ne,ne,ne,ne,ne,ne,ne,ne,ne,ne,ne,ne,ne,ne,ne,ne,ne,ne,ne,ne,ne,ne,ne,ne,ne,ne,da,ne
19/11/2019,9.1,12,7.1,5,0.6,97,84,983,1.1,0,0,1.5,ne,ne,da,ne,da,ne,ne,ne,ne,ne,ne,ne,ne,ne,ne,ne,ne,ne,ne,da,da,ne,da,ne,ne,ne,ne,ne,ne,ne,ne,da,ne
20/11/2019,8.5,9.5,7.5,4.5,0.7,100,89,977,0.4,0,0,0,ne,ne,da,da,ne,ne,ne,ne,ne,ne,ne,ne,ne,ne,ne,ne,ne,ne,ne,da,da,ne,da,ne,ne,da,ne,ne,ne,ne,ne,da,ne
21/11/2019,9.2,11.1,7.8,5.7,0.6,97,91,978,6.8,0,0,0,ne,ne,da,ne,da,ne,ne,ne,ne,ne,ne,ne,ne,ne,ne,ne,ne,ne,ne,ne,da,ne,da,ne,ne,ne,ne,ne,ne,ne,ne,da,ne
22/11/2019,7.6,9.2,6,6,0.8,100,89,979,0.5,0,0,0,ne,ne,da,da,ne,ne,ne,ne,ne,ne,ne,ne,ne,ne,ne,ne,ne,ne,ne,da,ne,ne,da,ne,ne,ne,ne,ne,ne,ne,ne,da,ne
23/11/2019,9.2,9.8,7.6,6.5,0.8,100,89,977,0.2,0,0,0,ne,ne,da,ne,ne,ne,ne,ne,ne,ne,ne,ne,ne,ne,ne,ne,ne,ne,ne,da,ne,ne,da,ne,ne,ne,ne,ne,ne,ne,ne,da,ne
24/11/2019,9,10,7,6.5,0.6,100,86,977,0.5,0,0,0.1,ne,ne,ne,ne,ne,ne,ne,ne,ne,ne,ne,ne,ne,ne,ne,ne,ne,ne,ne,da,ne,ne,da,ne,ne,da,ne,ne,ne,ne,ne,da,ne
25/11/2019,7.2,9.5,6.4,6,0.9,100,89,976,0.1,0,0,0,ne,ne,ne,da,ne,ne,ne,ne,ne,ne,ne,ne,ne,ne,ne,ne,ne,ne,ne,ne,ne,ne,da,ne,ne,ne,ne,ne,ne,ne,ne,da,ne
26/11/2019,5.7,7.2,5.4,5,1,100,84,977,0.2,0,0,0,ne,ne,ne,da,ne,ne,ne,ne,ne,ne,ne,ne,ne,ne,ne,ne,ne,ne,ne,ne,ne,ne,da,ne,ne,ne,ne,ne,ne,ne,ne,da,ne
27/11/2019,8.2,9.2,5.1,4.6,0.6,100,89,970,0.6,0,0,0,ne,ne,da,da,ne,ne,ne,ne,ne,ne,ne,ne,ne,ne,ne,ne,ne,ne,ne,ne,ne,ne,da,ne,ne,ne,ne,ne,ne,ne,ne,da,ne
28/11/2019,11.1,12.1,9.1,7.3,1.1,93,83,968,15.9,0,0,0.2,ne,ne,da,ne,da,ne,ne,ne,ne,ne,ne,ne,ne,ne,ne,ne,ne,ne,ne,ne,ne,ne,da,ne,ne,ne,ne,ne,ne,ne,ne,da,ne
29/11/2019,8.4,11.7,5.5,4.2,0.8,90,84,973,0.5,0,0,0.7,ne,ne,ne,ne,ne,ne,ne,ne,ne,ne,ne,ne,ne,ne,ne,ne,ne,ne,ne,da,da,ne,da,ne,ne,ne,ne,ne,ne,ne,ne,da,ne
30/11/2019,3.9,8.8,2.5,3.5,1.1,80,87,986,0.3,0,0,0.3,ne,ne,da,ne,ne,ne,ne,ne,ne,ne,ne,ne,ne,ne,ne,ne,ne,ne,ne,da,ne,ne,da,ne,ne,da,da,ne,ne,ne,ne,da,ne
01/12/2019,2.4,4,-0.2,-4.9,1,100,85,986,0.3,0,0,0,ne,ne,da,da,ne,ne,ne,ne,ne,ne,ne,da,ne,ne,ne,ne,ne,ne,ne,da,da,ne,da,ne,ne,da,da,ne,ne,ne,ne,da,ne
02/12/2019,3.3,4.6,2.5,2,1.5,100,85,983,8.4,0,0,0,ne,ne,da,ne,ne,ne,ne,ne,ne,ne,ne,ne,ne,ne,ne,ne,ne,ne,ne,ne,ne,ne,da,ne,ne,ne,ne,ne,ne,ne,ne,da,ne
03/12/2019,2,6.5,0.2,0.6,1.4,33,72,991,26.6,0,0,7.3,ne,ne,ne,ne,ne,ne,ne,ne,ne,ne,ne,ne,ne,ne,ne,ne,ne,ne,ne,ne,ne,ne,ne,ne,ne,da,da,ne,ne,ne,ne,da,ne
04/12/2019,-0.8,4,-3,-7.3,1.1,33,81,992,0,0,0,5.2,ne,ne,ne,ne,ne,ne,ne,ne,ne,ne,ne,ne,ne,ne,ne,ne,ne,ne,ne,ne,da,ne,da,ne,ne,da,da,ne,ne,ne,ne,ne,ne
05/12/2019,-0.9,1.7,-1.8,-3.7,0.9,50,77,991,0,0,0,3.6,ne,ne,ne,ne,ne,ne,ne,ne,ne,ne,ne,ne,ne,ne,ne,ne,ne,ne,ne,ne,ne,ne,da,ne,ne,ne,da,ne,ne,ne,ne,ne,ne
06/12/2019,0.6,4.5,-4.5,-8.2,0.5,57,83,987,0,0,0,1.1,ne,ne,ne,ne,ne,ne,ne,ne,ne,ne,ne,ne,ne,ne,ne,ne,ne,ne,ne,da,ne,ne,da,ne,ne,da,da,ne,ne,ne,ne,ne,ne
07/12/2019,2.9,8.3,-1.8,-6.5,0.8,27,81,983,0,0,0,5.3,ne,ne,ne,ne,ne,ne,ne,ne,ne,ne,ne,ne,ne,ne,ne,ne,ne,ne,ne,ne,ne,ne,ne,ne,ne,ne,da,ne,ne,ne,ne,ne,ne
08/12/2019,5,9.2,-1.7,-6.5,0.9,60,79,982,0,0,0,4,ne,ne,ne,ne,ne,ne,ne,ne,ne,ne,ne,ne,ne,ne,ne,ne,ne,ne,ne,da,da,ne,da,ne,ne,ne,da,ne,ne,ne,ne,ne,ne
09/12/2019,6.8,8.7,6,2,1.1,97,84,973,0,0,0,0.1,ne,ne,da,ne,ne,ne,ne,ne,ne,ne,ne,ne,ne,ne,ne,ne,ne,ne,ne,ne,ne,ne,ne,ne,ne,da,ne,ne,ne,ne,ne,ne,ne
10/12/2019,3.2,8,1,2,0.8,47,79,984,12,0,0,4.3,ne,ne,ne,ne,ne,ne,ne,ne,ne,ne,ne,ne,ne,ne,ne,ne,ne,ne,ne,da,ne,ne,da,ne,ne,ne,da,ne,ne,ne,ne,da,ne
11/12/2019,-1,4.7,-4,-9.8,0.9,10,71,981,0,0,0,6.3,ne,ne,ne,ne,ne,ne,ne,ne,ne,ne,ne,ne,ne,ne,ne,ne,ne,ne,ne,ne,ne,ne,ne,ne,ne,ne,da,ne,ne,ne,ne,ne,ne
12/12/2019,-1.1,1,-4.1,-9,0.5,100,82,972,0,0,0,0,ne,ne,ne,ne,ne,ne,ne,ne,ne,ne,ne,da,ne,ne,ne,ne,ne,ne,ne,da,ne,ne,ne,ne,ne,ne,da,ne,ne,ne,ne,ne,da
13/12/2019,0.2,1.6,-1.3,-4.5,0,100,89,957,6.6,6,6,0,ne,ne,ne,ne,ne,ne,ne,ne,ne,ne,ne,da,ne,ne,da,ne,ne,ne,ne,ne,da,ne,da,ne,ne,ne,ne,ne,ne,ne,ne,da,da
14/12/2019,0.2,2.5,-0.7,-5.2,0.7,77,90,969,18.7,6,3,1,ne,ne,ne,ne,ne,ne,ne,ne,ne,ne,ne,ne,ne,ne,ne,ne,ne,ne,ne,da,da,ne,da,ne,ne,ne,ne,ne,ne,ne,ne,da,da
15/12/2019,1.4,2.5,-1.6,-1.8,0.4,100,92,980,0,6,0,0.2,ne,ne,da,ne,ne,ne,ne,ne,ne,ne,ne,ne,ne,ne,ne,ne,ne,ne,ne,da,ne,ne,da,ne,ne,ne,ne,ne,ne,ne,ne,ne,da
16/12/2019,9.7,12.5,2.5,1.1,1.2,93,83,984,0.4,3,0,0,ne,ne,ne,ne,ne,ne,ne,ne,ne,ne,ne,ne,ne,ne,ne,ne,ne,ne,ne,ne,ne,ne,ne,ne,ne,ne,ne,ne,ne,ne,ne,da,da
17/12/2019,12.9,17,10,4,1.5,70,73,984,0,0,0,1.2,ne,ne,ne,ne,ne,ne,ne,ne,ne,ne,ne,ne,ne,ne,ne,ne,ne,ne,ne,ne,ne,ne,ne,ne,ne,ne,ne,ne,ne,ne,ne,ne,ne
18/12/2019,11,15.1,8,2.5,1,60,79,988,0,0,0,1.9,ne,ne,ne,ne,ne,ne,ne,ne,ne,ne,ne,ne,ne,ne,ne,ne,ne,ne,ne,ne,ne,ne,ne,ne,ne,da,ne,ne,ne,ne,ne,ne,ne
19/12/2019,10.4,11.5,9,5.9,0.7,100,90,986,2.1,0,0,0,ne,ne,da,da,ne,ne,ne,ne,ne,ne,ne,ne,ne,ne,ne,ne,ne,ne,ne,ne,da,ne,da,ne,ne,ne,ne,ne,ne,ne,ne,da,ne
20/12/2019,10.4,13.5,7.5,3,1.3,83,81,973,0.5,0,0,1.6,da,ne,da,da,ne,ne,ne,ne,ne,ne,ne,ne,ne,ne,ne,ne,ne,ne,ne,da,da,ne,da,ne,ne,ne,ne,ne,ne,ne,ne,da,ne
21/12/2019,9.9,12.1,9.2,7,1,97,86,959,2,0,0,0,ne,ne,da,ne,ne,ne,da,ne,ne,ne,ne,ne,ne,ne,ne,ne,ne,ne,ne,ne,ne,ne,da,ne,ne,ne,ne,ne,ne,ne,ne,da,ne
22/12/2019,7,9.8,6.2,2,2.3,100,89,955,24.9,0,0,0,ne,ne,da,ne,ne,ne,ne,ne,ne,ne,ne,ne,ne,ne,ne,ne,ne,ne,ne,da,ne,ne,da,ne,ne,ne,ne,ne,ne,ne,ne,da,ne
23/12/2019,6.6,11,3.2,1.3,1,77,80,968,27.2,0,0,0.3,ne,ne,ne,ne,ne,ne,ne,ne,ne,ne,ne,ne,ne,ne,ne,ne,ne,ne,ne,da,da,ne,da,ne,ne,da,ne,ne,ne,ne,ne,da,ne
24/12/2019,3.9,7.5,-1.1,-6,0.1,47,83,979,0,0,0,4.1,ne,ne,da,ne,ne,ne,ne,ne,ne,ne,ne,ne,ne,ne,ne,ne,ne,ne,ne,da,da,ne,da,ne,ne,da,da,ne,ne,ne,ne,ne,ne
25/12/2019,2.6,7.5,-1.6,-4.4,1.8,40,84,980,0.1,0,0,5.7,ne,ne,ne,ne,ne,ne,ne,ne,ne,ne,ne,ne,ne,ne,ne,ne,ne,ne,ne,da,da,ne,da,ne,ne,da,da,ne,ne,ne,ne,da,ne
26/12/2019,2.9,9.5,-1.8,-5.5,0.5,33,76,987,0,0,0,6.3,ne,ne,ne,ne,ne,ne,ne,ne,ne,ne,ne,ne,ne,ne,ne,ne,ne,ne,ne,ne,ne,ne,ne,ne,ne,ne,da,ne,ne,ne,ne,ne,ne
27/12/2019,3,4.5,0.5,-3.2,0.8,90,81,989,0,0,0,0.4,ne,ne,da,ne,ne,ne,ne,ne,ne,ne,ne,ne,ne,ne,ne,ne,ne,ne,ne,ne,ne,ne,ne,ne,ne,da,da,ne,ne,ne,ne,ne,ne
28/12/2019,0.7,6.1,-1.5,-6.5,0.9,40,79,996,0,0,0,4.7,ne,ne,ne,ne,ne,ne,ne,ne,ne,ne,ne,ne,ne,ne,ne,ne,ne,ne,ne,da,da,ne,ne,ne,ne,ne,da,ne,ne,ne,ne,da,ne
29/12/2019,-1.4,2.4,-5.3,-10,1,7,68,1000,0,0,0,7.6,ne,ne,ne,ne,ne,ne,ne,ne,ne,ne,ne,ne,ne,ne,ne,ne,ne,ne,ne,ne,ne,ne,ne,ne,ne,ne,da,ne,ne,ne,ne,ne,ne
30/12/2019,-2.3,1.7,-6.3,-10.3,1.1,7,72,1001,0,0,0,7.4,ne,ne,ne,ne,ne,ne,ne,ne,ne,ne,ne,ne,ne,ne,ne,ne,ne,ne,ne,ne,ne,ne,ne,ne,ne,ne,da,ne,ne,ne,ne,ne,ne
31/12/2019,-0.3,5,-4.7,-8.7,0,50,73,994,0,0,0,4.6,ne,ne,ne,ne,ne,ne,ne,ne,ne,ne,ne,ne,ne,ne,ne,ne,ne,ne,ne,ne,ne,ne,ne,ne,ne,ne,da,ne,ne,ne,ne,ne,ne
